-- phpMyAdmin SQL Dump
-- version 5.0.2
-- https://www.phpmyadmin.net/
--
-- Host: 127.0.0.1:3306
-- Generation Time: Jul 08, 2021 at 09:45 AM
-- Server version: 5.7.31
-- PHP Version: 7.4.9

SET SQL_MODE = "NO_AUTO_VALUE_ON_ZERO";
START TRANSACTION;
SET time_zone = "+00:00";


/*!40101 SET @OLD_CHARACTER_SET_CLIENT=@@CHARACTER_SET_CLIENT */;
/*!40101 SET @OLD_CHARACTER_SET_RESULTS=@@CHARACTER_SET_RESULTS */;
/*!40101 SET @OLD_COLLATION_CONNECTION=@@COLLATION_CONNECTION */;
/*!40101 SET NAMES utf8mb4 */;

--
-- Database: `subshare`
--

-- --------------------------------------------------------

--
-- Table structure for table `comment`
--

DROP TABLE IF EXISTS `comment`;
CREATE TABLE IF NOT EXISTS `comment` (
  `coId` int(11) NOT NULL AUTO_INCREMENT,
  `cuId` int(11) NOT NULL,
  `shId` int(11) DEFAULT NULL,
  `reId` int(11) DEFAULT NULL,
  `content` varchar(400) COLLATE utf8_unicode_ci DEFAULT NULL,
  PRIMARY KEY (`coId`),
  KEY `comment_ibfk_1` (`shId`),
  KEY `cuId` (`cuId`)
) ENGINE=InnoDB AUTO_INCREMENT=1115 DEFAULT CHARSET=utf8 COLLATE=utf8_unicode_ci;

--
-- Dumping data for table `comment`
--

INSERT INTO `comment` (`coId`, `cuId`, `shId`, `reId`, `content`) VALUES
(1, 25, 1, NULL, 'Muahaaaaaaaaa'),
(2, 54, NULL, 8, 'Cho mình làm quen nhé'),
(3, 40, NULL, 25, 'Quá tệ'),
(4, 10, NULL, 29, 'Tôi phải báo cáo bạn với quản trị viên'),
(5, 38, NULL, 11, 'hi, ai đó giúp mình với'),
(6, 54, NULL, 20, 'ad ơi.....'),
(7, 12, NULL, 29, 'bạn tên thật là gì'),
(8, 38, NULL, 21, 'ad ơi.....'),
(9, 3, NULL, 26, 'Tôi phải báo cáo bạn với quản trị viên'),
(10, 10, NULL, 1, 'hi, ai đó giúp mình với'),
(11, 48, NULL, 1, 'Bạn cho mình xin info'),
(12, 8, NULL, 20, 'Cho mình làm quen nhé'),
(13, 5, NULL, 12, 'Bạn thật tuyệt'),
(14, 6, NULL, 27, 'ad ơi.....'),
(15, 2, NULL, 9, 'Bạn cho mình xin info'),
(16, 45, NULL, 26, 'à thế à. thanks mãi yêu'),
(17, 34, NULL, 24, 'Tôi phải báo cáo bạn với quản trị viên'),
(18, 31, NULL, 6, 'Dịch tốt lắm :>'),
(19, 49, NULL, 14, 'Bạn cho mình xin info'),
(20, 52, NULL, 21, 'Không nhớ'),
(21, 12, NULL, 8, 'Không làm đòi có ăn'),
(22, 24, NULL, 11, 'à thế à. thanks mãi yêu'),
(23, 38, NULL, 3, 'Dịch tốt lắm :>'),
(24, 25, NULL, 18, 'hi, ai đó giúp mình với'),
(25, 3, NULL, 7, 'Muahaaaaaaaaa'),
(26, 6, NULL, 17, 'Bạn thật tuyệt'),
(27, 51, NULL, 18, 'Bạn có thể làm lại bản mới hông'),
(28, 24, NULL, 11, 'Tôi phải báo cáo bạn với quản trị viên'),
(29, 18, NULL, 24, 'à thế à. thanks mãi yêu'),
(30, 30, NULL, 23, 'Không làm đòi có ăn'),
(31, 25, NULL, 23, 'hi, ai đó giúp mình với'),
(32, 14, NULL, 20, 'Không làm đòi có ăn'),
(33, 41, NULL, 8, 'LoVE'),
(34, 8, NULL, 26, 'Bạn làm tốt lắm sau nay mong có cơ hội lại hợp tác'),
(35, 37, NULL, 11, 'LoVE'),
(36, 32, NULL, 9, 'Mình cần tìm bản dịch này'),
(37, 33, NULL, 9, 'LoVE'),
(38, 23, NULL, 11, 'Tôi phải báo cáo bạn với quản trị viên'),
(39, 50, NULL, 3, 'Bản dịch của bạn quá tệ'),
(40, 37, NULL, 19, 'Bạn có thể làm lại bản mới hông'),
(41, 36, NULL, 24, 'Mình cần tìm bản dịch này'),
(42, 53, NULL, 10, 'Mình cần tìm bản dịch này'),
(43, 52, NULL, 7, 'Không làm đòi có ăn'),
(44, 10, NULL, 16, 'Muahaaaaaaaaa'),
(45, 40, NULL, 10, 'à thế à. thanks mãi yêu'),
(46, 1, NULL, 9, 'à thế à. thanks mãi yêu'),
(47, 50, NULL, 16, 'Bản dịch của bạn quá tệ'),
(48, 55, NULL, 7, 'Không nhớ'),
(49, 33, NULL, 4, 'hi, ai đó giúp mình với'),
(50, 52, NULL, 24, 'Mình cần tìm bản dịch này'),
(51, 36, NULL, 19, 'Cho mình làm quen nhé'),
(52, 37, NULL, 8, 'Muahaaaaaaaaa'),
(53, 21, NULL, 12, 'Không làm đòi có ăn'),
(54, 28, NULL, 27, 'hi, ai đó giúp mình với'),
(55, 48, NULL, 10, 'Dịch tốt lắm :>'),
(56, 33, NULL, 4, 'Muahaaaaaaaaa'),
(57, 44, NULL, 7, 'Bản dịch của bạn quá tệ'),
(58, 43, NULL, 17, 'Bạn có thể làm lại bản mới hông'),
(59, 25, NULL, 17, 'Hay quá'),
(60, 4, NULL, 12, 'ad ơi.....'),
(61, 26, NULL, 8, 'Dịch tốt lắm :>'),
(62, 27, NULL, 11, 'Không làm đòi có ăn'),
(63, 34, NULL, 13, 'Hay quá'),
(64, 51, NULL, 7, 'Tôi phải báo cáo bạn với quản trị viên'),
(65, 34, NULL, 12, 'Quá tệ'),
(66, 33, NULL, 2, 'Không làm đòi có ăn'),
(67, 30, NULL, 24, 'Tôi phải báo cáo bạn với quản trị viên'),
(68, 42, NULL, 12, 'có j ko bạn'),
(69, 55, NULL, 23, 'hi, ai đó giúp mình với'),
(70, 33, NULL, 21, 'Bạn thật tuyệt'),
(71, 33, NULL, 23, 'Bạn cho mình xin info'),
(72, 39, NULL, 26, 'Cho mình làm quen nhé'),
(73, 42, NULL, 12, 'LoVE'),
(74, 55, NULL, 3, 'à thế à. thanks mãi yêu'),
(75, 22, NULL, 19, 'bạn tên thật là gì'),
(76, 21, NULL, 17, 'Không làm đòi có ăn'),
(77, 14, NULL, 24, 'Bạn thật tuyệt'),
(78, 21, NULL, 28, 'Mình cần tìm bản dịch này'),
(79, 9, NULL, 4, 'Bạn thật tuyệt'),
(80, 6, NULL, 11, 'Cho mình làm quen nhé'),
(81, 7, NULL, 2, 'Bạn cho mình xin info'),
(82, 32, NULL, 21, 'Quá tệ'),
(83, 24, NULL, 13, 'Không nhớ'),
(84, 13, NULL, 3, 'Bản dịch của bạn quá tệ'),
(85, 25, NULL, 1, 'Bạn có thể làm lại bản mới hông'),
(86, 4, NULL, 4, 'à thế à. thanks mãi yêu'),
(87, 9, NULL, 17, 'Bạn thật tuyệt'),
(88, 49, NULL, 5, 'hi, ai đó giúp mình với'),
(89, 29, NULL, 13, 'Mình cần tìm bản dịch này'),
(90, 16, NULL, 14, 'à thế à. thanks mãi yêu'),
(91, 49, NULL, 23, 'à thế à. thanks mãi yêu'),
(92, 38, NULL, 7, 'à thế à. thanks mãi yêu'),
(93, 51, NULL, 27, 'Quá tệ'),
(94, 55, NULL, 12, 'Bản dịch của bạn quá tệ'),
(95, 9, NULL, 3, 'bạn tên thật là gì'),
(96, 2, NULL, 15, 'Bạn làm tốt lắm sau nay mong có cơ hội lại hợp tác'),
(97, 26, NULL, 5, 'Dịch tốt lắm :>'),
(98, 40, NULL, 3, 'Bạn làm tốt lắm sau nay mong có cơ hội lại hợp tác'),
(99, 19, NULL, 5, 'Quá tệ'),
(100, 44, NULL, 18, 'LoVE'),
(101, 48, NULL, 17, 'ad ơi.....'),
(102, 26, NULL, 17, 'Không nhớ'),
(103, 3, NULL, 12, 'LoVE'),
(104, 55, NULL, 7, 'Bản dịch của bạn quá tệ'),
(105, 3, NULL, 17, 'có j ko bạn'),
(106, 5, NULL, 2, 'Bạn cho mình xin info'),
(107, 35, NULL, 29, 'bạn tên thật là gì'),
(108, 1, NULL, 17, 'Bạn thật tuyệt'),
(109, 55, NULL, 13, 'ad ơi.....'),
(110, 31, NULL, 16, 'bạn tên thật là gì'),
(111, 32, NULL, 10, 'Bạn cho mình xin info'),
(112, 44, NULL, 28, 'Bạn cho mình xin info'),
(113, 30, NULL, 26, 'Mình cần tìm bản dịch này'),
(114, 38, NULL, 23, 'ad ơi.....'),
(115, 23, NULL, 24, 'Bạn thật tuyệt'),
(116, 31, NULL, 19, 'Cho mình làm quen nhé'),
(117, 21, NULL, 22, 'à thế à. thanks mãi yêu'),
(118, 5, NULL, 19, 'Bạn làm tốt lắm sau nay mong có cơ hội lại hợp tác'),
(119, 27, NULL, 29, 'Quá tệ'),
(120, 31, NULL, 7, 'bạn tên thật là gì'),
(121, 4, NULL, 28, 'bạn tên thật là gì'),
(122, 1, NULL, 14, 'có j ko bạn'),
(123, 8, NULL, 27, 'Không nhớ'),
(124, 9, NULL, 12, 'Bạn làm tốt lắm sau nay mong có cơ hội lại hợp tác'),
(125, 49, NULL, 3, 'Hay quá'),
(126, 27, NULL, 22, 'có j ko bạn'),
(127, 2, NULL, 25, 'Bạn cho mình xin info'),
(128, 18, NULL, 5, 'bạn tên thật là gì'),
(129, 47, NULL, 8, 'Hay quá'),
(130, 39, NULL, 21, 'hi, ai đó giúp mình với'),
(131, 27, NULL, 11, 'Không nhớ'),
(132, 41, NULL, 11, 'Không nhớ'),
(133, 31, NULL, 28, 'Bản dịch của bạn quá tệ'),
(134, 52, NULL, 28, 'Hay quá'),
(135, 1, NULL, 13, 'Không nhớ'),
(136, 51, NULL, 6, 'Dịch tốt lắm :>'),
(137, 32, NULL, 21, 'Bạn có thể làm lại bản mới hông'),
(138, 5, NULL, 9, 'Muahaaaaaaaaa'),
(139, 30, NULL, 21, 'có j ko bạn'),
(140, 43, NULL, 3, 'Cũng ổn đó'),
(141, 55, NULL, 29, 'Bạn có thể làm lại bản mới hông'),
(142, 15, NULL, 22, 'à thế à. thanks mãi yêu'),
(143, 45, NULL, 29, 'hi, ai đó giúp mình với'),
(144, 32, NULL, 27, 'có j ko bạn'),
(145, 46, NULL, 19, 'Tôi phải báo cáo bạn với quản trị viên'),
(146, 7, NULL, 7, 'Cho mình làm quen nhé'),
(147, 8, NULL, 18, 'Quá tệ'),
(148, 5, NULL, 29, 'Bạn có thể làm lại bản mới hông'),
(149, 26, NULL, 16, 'có j ko bạn'),
(150, 47, NULL, 8, 'Bạn làm tốt lắm sau nay mong có cơ hội lại hợp tác'),
(151, 49, NULL, 19, 'Hay quá'),
(152, 21, NULL, 7, 'LoVE'),
(153, 54, NULL, 25, 'à thế à. thanks mãi yêu'),
(154, 43, NULL, 20, 'ad ơi.....'),
(155, 16, NULL, 1, 'LoVE'),
(156, 20, NULL, 22, 'Quá tệ'),
(157, 29, NULL, 3, 'LoVE'),
(158, 35, NULL, 3, 'Bạn làm tốt lắm sau nay mong có cơ hội lại hợp tác'),
(159, 49, NULL, 28, 'có j ko bạn'),
(160, 43, NULL, 25, 'Quá tệ'),
(161, 38, NULL, 3, 'hi, ai đó giúp mình với'),
(162, 17, NULL, 29, 'Muahaaaaaaaaa'),
(163, 15, NULL, 24, 'à thế à. thanks mãi yêu'),
(164, 41, NULL, 29, 'à thế à. thanks mãi yêu'),
(165, 12, NULL, 24, 'Hay quá'),
(166, 40, NULL, 12, 'Không làm đòi có ăn'),
(167, 55, NULL, 14, 'Bản dịch của bạn quá tệ'),
(168, 45, NULL, 18, 'à thế à. thanks mãi yêu'),
(169, 53, NULL, 11, 'Bạn thật tuyệt'),
(170, 46, NULL, 16, 'Quá tệ'),
(171, 23, NULL, 3, 'Tôi phải báo cáo bạn với quản trị viên'),
(172, 5, NULL, 15, 'Bạn thật tuyệt'),
(173, 6, NULL, 26, 'Không nhớ'),
(174, 19, NULL, 21, 'Cho mình làm quen nhé'),
(175, 35, NULL, 27, 'hi, ai đó giúp mình với'),
(176, 33, NULL, 5, 'Bạn có thể làm lại bản mới hông'),
(177, 29, NULL, 11, 'Mình cần tìm bản dịch này'),
(178, 18, NULL, 27, 'Hay quá'),
(179, 6, NULL, 7, 'Bản dịch của bạn quá tệ'),
(180, 2, NULL, 20, 'Hay quá'),
(181, 50, NULL, 22, 'Bạn làm tốt lắm sau nay mong có cơ hội lại hợp tác'),
(182, 55, NULL, 14, 'Dịch tốt lắm :>'),
(183, 20, NULL, 10, 'Bạn cho mình xin info'),
(184, 23, NULL, 8, 'Không nhớ'),
(185, 47, NULL, 8, 'có j ko bạn'),
(186, 51, NULL, 18, 'Mình cần tìm bản dịch này'),
(187, 39, NULL, 27, 'Muahaaaaaaaaa'),
(188, 34, NULL, 14, 'Dịch tốt lắm :>'),
(189, 9, NULL, 6, 'Không nhớ'),
(190, 14, NULL, 1, 'LoVE'),
(191, 30, NULL, 1, 'Cho mình làm quen nhé'),
(192, 24, NULL, 4, 'Cho mình làm quen nhé'),
(193, 7, NULL, 2, 'Muahaaaaaaaaa'),
(194, 52, NULL, 28, 'Bản dịch của bạn quá tệ'),
(195, 34, NULL, 8, 'Bạn thật tuyệt'),
(196, 27, NULL, 7, 'Hay quá'),
(197, 26, NULL, 26, 'Bạn có thể làm lại bản mới hông'),
(198, 21, NULL, 3, 'có j ko bạn'),
(199, 15, NULL, 6, 'Bản dịch của bạn quá tệ'),
(200, 44, NULL, 8, 'ad ơi.....'),
(201, 51, NULL, 16, 'Mình cần tìm bản dịch này'),
(202, 9, NULL, 21, 'Tôi phải báo cáo bạn với quản trị viên'),
(203, 19, NULL, 19, 'Mình cần tìm bản dịch này'),
(204, 32, NULL, 11, 'Bạn thật tuyệt'),
(205, 12, NULL, 6, 'Không nhớ'),
(206, 51, NULL, 7, 'Không làm đòi có ăn'),
(207, 32, NULL, 19, 'Không làm đòi có ăn'),
(208, 34, NULL, 12, 'Muahaaaaaaaaa'),
(209, 40, NULL, 26, 'à thế à. thanks mãi yêu'),
(210, 25, NULL, 25, 'Muahaaaaaaaaa'),
(211, 33, NULL, 20, 'Không nhớ'),
(212, 53, NULL, 12, 'Quá tệ'),
(213, 33, NULL, 21, 'Không nhớ'),
(214, 35, NULL, 20, 'Bạn thật tuyệt'),
(215, 54, NULL, 29, 'Bạn có thể làm lại bản mới hông'),
(216, 12, NULL, 12, 'Dịch tốt lắm :>'),
(217, 55, NULL, 16, 'Cho mình làm quen nhé'),
(218, 24, NULL, 17, 'LoVE'),
(219, 30, NULL, 22, 'Bạn cho mình xin info'),
(220, 14, NULL, 26, 'à thế à. thanks mãi yêu'),
(221, 38, NULL, 15, 'Bạn thật tuyệt'),
(222, 35, NULL, 26, 'Mình cần tìm bản dịch này'),
(223, 36, NULL, 2, 'LoVE'),
(224, 34, NULL, 10, 'Bạn thật tuyệt'),
(225, 42, NULL, 15, 'Bạn có thể làm lại bản mới hông'),
(226, 49, NULL, 28, 'Bản dịch của bạn quá tệ'),
(227, 52, NULL, 20, 'bạn tên thật là gì'),
(228, 48, NULL, 18, 'Tôi phải báo cáo bạn với quản trị viên'),
(229, 31, NULL, 13, 'Bạn làm tốt lắm sau nay mong có cơ hội lại hợp tác'),
(230, 39, NULL, 22, 'à thế à. thanks mãi yêu'),
(231, 2, NULL, 22, 'Hay quá'),
(232, 8, NULL, 2, 'Không làm đòi có ăn'),
(233, 3, NULL, 25, 'à thế à. thanks mãi yêu'),
(234, 21, NULL, 11, 'LoVE'),
(235, 36, NULL, 20, 'Không nhớ'),
(236, 43, NULL, 29, 'Mình cần tìm bản dịch này'),
(237, 46, NULL, 17, 'Mình cần tìm bản dịch này'),
(238, 47, NULL, 24, 'Quá tệ'),
(239, 36, NULL, 4, 'Bạn có thể làm lại bản mới hông'),
(240, 18, NULL, 5, 'à thế à. thanks mãi yêu'),
(241, 22, NULL, 17, 'Hay quá'),
(242, 48, NULL, 24, 'Bản dịch của bạn quá tệ'),
(243, 40, NULL, 18, 'Tôi phải báo cáo bạn với quản trị viên'),
(244, 33, NULL, 16, 'Tôi phải báo cáo bạn với quản trị viên'),
(245, 17, NULL, 8, 'Không nhớ'),
(246, 46, NULL, 11, 'ad ơi.....'),
(247, 13, NULL, 26, 'Không nhớ'),
(248, 4, NULL, 29, 'Bạn cho mình xin info'),
(249, 14, NULL, 22, 'Cho mình làm quen nhé'),
(250, 28, NULL, 21, 'Cho mình làm quen nhé'),
(251, 14, NULL, 13, 'ad ơi.....'),
(252, 29, NULL, 22, 'Bạn cho mình xin info'),
(253, 9, NULL, 5, 'à thế à. thanks mãi yêu'),
(254, 4, NULL, 14, 'Cho mình làm quen nhé'),
(255, 35, NULL, 10, 'Tôi phải báo cáo bạn với quản trị viên'),
(256, 16, NULL, 26, 'Bạn có thể làm lại bản mới hông'),
(257, 5, NULL, 22, 'Quá tệ'),
(258, 53, NULL, 22, 'Bạn thật tuyệt'),
(259, 23, NULL, 22, 'Quá tệ'),
(260, 53, NULL, 9, 'Bản dịch của bạn quá tệ'),
(261, 20, NULL, 28, 'có j ko bạn'),
(262, 11, NULL, 15, 'ad ơi.....'),
(263, 1, NULL, 9, 'bạn tên thật là gì'),
(264, 33, NULL, 11, 'Bản dịch của bạn quá tệ'),
(265, 42, NULL, 7, 'Bạn làm tốt lắm sau nay mong có cơ hội lại hợp tác'),
(266, 42, NULL, 25, 'ad ơi.....'),
(267, 37, NULL, 5, 'Quá tệ'),
(268, 7, NULL, 6, 'Bạn thật tuyệt'),
(269, 48, NULL, 27, 'Bản dịch của bạn quá tệ'),
(270, 15, NULL, 11, 'Dịch tốt lắm :>'),
(271, 26, NULL, 29, 'Mình cần tìm bản dịch này'),
(272, 49, NULL, 10, 'Bản dịch của bạn quá tệ'),
(273, 53, NULL, 18, 'Bạn có thể làm lại bản mới hông'),
(274, 39, NULL, 15, 'Bạn thật tuyệt'),
(275, 47, NULL, 23, 'Mình cần tìm bản dịch này'),
(276, 49, NULL, 1, 'ad ơi.....'),
(277, 52, NULL, 25, 'LoVE'),
(278, 16, NULL, 23, 'à thế à. thanks mãi yêu'),
(279, 39, NULL, 16, 'Cũng ổn đó'),
(280, 37, NULL, 29, 'Bạn thật tuyệt'),
(281, 8, NULL, 12, 'Bản dịch của bạn quá tệ'),
(282, 13, NULL, 27, 'Muahaaaaaaaaa'),
(283, 31, NULL, 1, 'có j ko bạn'),
(284, 36, NULL, 16, 'Dịch tốt lắm :>'),
(285, 44, NULL, 3, 'có j ko bạn'),
(286, 30, NULL, 5, 'Cho mình làm quen nhé'),
(287, 44, NULL, 20, 'Muahaaaaaaaaa'),
(288, 39, NULL, 22, 'Tôi phải báo cáo bạn với quản trị viên'),
(289, 9, NULL, 7, 'Không nhớ'),
(290, 7, NULL, 17, 'LoVE'),
(291, 24, NULL, 7, 'Hay quá'),
(292, 9, NULL, 2, 'Cho mình làm quen nhé'),
(293, 54, NULL, 9, 'Không nhớ'),
(294, 54, NULL, 27, 'Không làm đòi có ăn'),
(295, 5, NULL, 26, 'à thế à. thanks mãi yêu'),
(296, 11, NULL, 14, 'à thế à. thanks mãi yêu'),
(297, 30, NULL, 22, 'Mình cần tìm bản dịch này'),
(298, 23, NULL, 13, 'Bản dịch của bạn quá tệ'),
(299, 45, NULL, 26, 'Không nhớ'),
(300, 16, NULL, 18, 'Quá tệ'),
(301, 32, NULL, 20, 'có j ko bạn'),
(302, 28, NULL, 18, 'Không nhớ'),
(303, 24, NULL, 27, 'Muahaaaaaaaaa'),
(304, 35, NULL, 20, 'Dịch tốt lắm :>'),
(305, 7, NULL, 13, 'Bạn thật tuyệt'),
(306, 47, NULL, 23, 'Tôi phải báo cáo bạn với quản trị viên'),
(307, 3, NULL, 21, 'Không nhớ'),
(308, 17, NULL, 15, 'Muahaaaaaaaaa'),
(309, 13, NULL, 16, 'Bạn cho mình xin info'),
(310, 15, NULL, 15, 'Không làm đòi có ăn'),
(311, 46, NULL, 16, 'Mình cần tìm bản dịch này'),
(312, 48, NULL, 21, 'Tôi phải báo cáo bạn với quản trị viên'),
(313, 17, NULL, 12, 'Không làm đòi có ăn'),
(314, 30, NULL, 5, 'Bạn có thể làm lại bản mới hông'),
(315, 33, NULL, 18, 'Tôi phải báo cáo bạn với quản trị viên'),
(316, 17, NULL, 16, 'Hay quá'),
(317, 3, NULL, 12, 'hi, ai đó giúp mình với'),
(318, 44, NULL, 9, 'Cho mình làm quen nhé'),
(319, 47, NULL, 2, 'Muahaaaaaaaaa'),
(320, 17, NULL, 6, 'Mình cần tìm bản dịch này'),
(321, 32, NULL, 6, 'hi, ai đó giúp mình với'),
(322, 40, NULL, 15, 'Dịch tốt lắm :>'),
(323, 15, NULL, 28, 'Bạn làm tốt lắm sau nay mong có cơ hội lại hợp tác'),
(324, 35, NULL, 16, 'Quá tệ'),
(325, 23, NULL, 28, 'Mình cần tìm bản dịch này'),
(326, 44, NULL, 18, 'Quá tệ'),
(327, 17, NULL, 16, 'Bạn cho mình xin info'),
(328, 11, NULL, 13, 'Không nhớ'),
(329, 30, NULL, 20, 'Bản dịch của bạn quá tệ'),
(330, 25, NULL, 23, 'Dịch tốt lắm :>'),
(331, 42, NULL, 22, 'Dịch tốt lắm :>'),
(332, 30, NULL, 23, 'Không nhớ'),
(333, 54, NULL, 29, 'Bạn có thể làm lại bản mới hông'),
(334, 15, NULL, 12, 'Cho mình làm quen nhé'),
(335, 22, NULL, 10, 'Quá tệ'),
(336, 10, NULL, 19, 'Bạn thật tuyệt'),
(337, 48, NULL, 9, 'có j ko bạn'),
(338, 6, NULL, 3, 'Bạn cho mình xin info'),
(339, 4, NULL, 21, 'bạn tên thật là gì'),
(340, 21, NULL, 25, 'Quá tệ'),
(341, 25, NULL, 20, 'ad ơi.....'),
(342, 48, NULL, 24, 'Cho mình làm quen nhé'),
(343, 6, NULL, 26, 'Bạn thật tuyệt'),
(344, 46, NULL, 23, 'có j ko bạn'),
(345, 3, NULL, 7, 'Muahaaaaaaaaa'),
(346, 30, NULL, 5, 'Hay quá'),
(347, 14, NULL, 1, 'à thế à. thanks mãi yêu'),
(348, 6, NULL, 8, 'Muahaaaaaaaaa'),
(349, 5, NULL, 19, 'à thế à. thanks mãi yêu'),
(350, 30, NULL, 24, 'Tôi phải báo cáo bạn với quản trị viên'),
(351, 26, NULL, 8, 'Dịch tốt lắm :>'),
(352, 51, NULL, 21, 'Bạn thật tuyệt'),
(353, 34, NULL, 11, 'Bạn thật tuyệt'),
(354, 34, NULL, 3, 'Bạn có thể làm lại bản mới hông'),
(355, 3, NULL, 20, 'Bạn có thể làm lại bản mới hông'),
(356, 55, NULL, 27, 'Bản dịch của bạn quá tệ'),
(357, 32, NULL, 19, 'Bản dịch của bạn quá tệ'),
(358, 21, NULL, 23, 'bạn tên thật là gì'),
(359, 9, NULL, 15, 'Bạn cho mình xin info'),
(360, 13, NULL, 5, 'Bạn có thể làm lại bản mới hông'),
(361, 12, NULL, 25, 'Không nhớ'),
(362, 16, NULL, 16, 'Tôi phải báo cáo bạn với quản trị viên'),
(363, 1, NULL, 12, 'Quá tệ'),
(364, 33, NULL, 26, 'bạn tên thật là gì'),
(365, 16, NULL, 20, 'Bạn cho mình xin info'),
(366, 53, NULL, 19, 'bạn tên thật là gì'),
(367, 22, NULL, 5, 'Không làm đòi có ăn'),
(368, 34, NULL, 21, 'có j ko bạn'),
(369, 47, NULL, 6, 'Muahaaaaaaaaa'),
(370, 30, NULL, 11, 'Mình cần tìm bản dịch này'),
(371, 13, NULL, 27, 'Mình cần tìm bản dịch này'),
(372, 29, NULL, 18, 'Bạn có thể làm lại bản mới hông'),
(373, 37, NULL, 9, 'LoVE'),
(374, 19, NULL, 16, 'Bạn thật tuyệt'),
(375, 22, NULL, 9, 'Bạn cho mình xin info'),
(376, 20, NULL, 6, 'Muahaaaaaaaaa'),
(377, 13, NULL, 16, 'LoVE'),
(378, 47, NULL, 3, 'Dịch tốt lắm :>'),
(379, 47, NULL, 16, 'Bạn thật tuyệt'),
(380, 32, NULL, 7, 'Cho mình làm quen nhé'),
(381, 20, NULL, 2, 'Bạn cho mình xin info'),
(382, 1, NULL, 1, 'Mình cần tìm bản dịch này'),
(383, 18, NULL, 27, 'LoVE'),
(384, 5, NULL, 13, 'Cho mình làm quen nhé'),
(385, 36, NULL, 3, 'Cho mình làm quen nhé'),
(386, 42, NULL, 9, 'Cho mình làm quen nhé'),
(387, 1, NULL, 15, 'Muahaaaaaaaaa'),
(388, 12, NULL, 14, 'hi, ai đó giúp mình với'),
(389, 25, NULL, 5, 'Không làm đòi có ăn'),
(390, 1, NULL, 5, 'Quá tệ'),
(391, 2, NULL, 27, 'Tôi phải báo cáo bạn với quản trị viên'),
(392, 49, NULL, 20, 'à thế à. thanks mãi yêu'),
(393, 20, NULL, 11, 'Muahaaaaaaaaa'),
(394, 12, NULL, 14, 'Bạn cho mình xin info'),
(395, 40, NULL, 4, 'Bạn làm tốt lắm sau nay mong có cơ hội lại hợp tác'),
(396, 31, NULL, 16, 'Mình cần tìm bản dịch này'),
(397, 39, NULL, 18, 'Muahaaaaaaaaa'),
(398, 17, NULL, 4, 'Dịch tốt lắm :>'),
(399, 42, NULL, 2, 'Cho mình làm quen nhé'),
(400, 6, NULL, 13, 'có j ko bạn'),
(401, 52, NULL, 1, 'Muahaaaaaaaaa'),
(402, 15, NULL, 26, 'LoVE'),
(403, 53, NULL, 23, 'Bạn có thể làm lại bản mới hông'),
(404, 6, NULL, 4, 'Cho mình làm quen nhé'),
(405, 51, NULL, 11, 'Bạn thật tuyệt'),
(406, 52, NULL, 4, 'Bạn cho mình xin info'),
(407, 29, NULL, 28, 'Dịch tốt lắm :>'),
(408, 23, NULL, 25, 'bạn tên thật là gì'),
(409, 23, NULL, 21, 'Bạn thật tuyệt'),
(410, 24, NULL, 23, 'hi, ai đó giúp mình với'),
(411, 3, NULL, 21, 'Hay quá'),
(412, 11, NULL, 28, 'Không nhớ'),
(413, 34, NULL, 25, 'Mình cần tìm bản dịch này'),
(414, 39, NULL, 22, 'Không nhớ'),
(415, 10, NULL, 26, 'Dịch tốt lắm :>'),
(416, 41, NULL, 14, 'Không làm đòi có ăn'),
(417, 54, NULL, 14, 'Bạn thật tuyệt'),
(418, 6, NULL, 18, 'Cũng ổn đó'),
(419, 46, NULL, 13, 'hi, ai đó giúp mình với'),
(420, 47, NULL, 22, 'à thế à. thanks mãi yêu'),
(421, 34, NULL, 9, 'ad ơi.....'),
(422, 20, NULL, 6, 'có j ko bạn'),
(423, 52, NULL, 16, 'có j ko bạn'),
(424, 14, NULL, 21, 'LoVE'),
(425, 22, NULL, 6, 'Muahaaaaaaaaa'),
(426, 20, NULL, 14, 'Không làm đòi có ăn'),
(427, 31, NULL, 28, 'Bạn làm tốt lắm sau nay mong có cơ hội lại hợp tác'),
(428, 8, NULL, 27, 'Mình cần tìm bản dịch này'),
(429, 29, NULL, 13, 'LoVE'),
(430, 17, NULL, 24, 'hi, ai đó giúp mình với'),
(431, 16, NULL, 26, 'LoVE'),
(432, 34, NULL, 12, 'Mình cần tìm bản dịch này'),
(433, 55, NULL, 2, 'có j ko bạn'),
(434, 13, NULL, 18, 'Không nhớ'),
(435, 12, NULL, 21, 'Bạn thật tuyệt'),
(436, 38, NULL, 15, 'Bạn cho mình xin info'),
(437, 55, NULL, 22, 'Bạn làm tốt lắm sau nay mong có cơ hội lại hợp tác'),
(438, 40, NULL, 25, 'Bạn làm tốt lắm sau nay mong có cơ hội lại hợp tác'),
(439, 11, NULL, 15, 'ad ơi.....'),
(440, 3, NULL, 9, 'Quá tệ'),
(441, 15, NULL, 27, 'Bản dịch của bạn quá tệ'),
(442, 30, NULL, 24, 'Không làm đòi có ăn'),
(443, 52, NULL, 23, 'Muahaaaaaaaaa'),
(444, 47, NULL, 2, 'Bạn làm tốt lắm sau nay mong có cơ hội lại hợp tác'),
(445, 53, NULL, 8, 'Dịch tốt lắm :>'),
(446, 21, NULL, 19, 'hi, ai đó giúp mình với'),
(447, 17, NULL, 17, 'có j ko bạn'),
(448, 9, NULL, 19, 'bạn tên thật là gì'),
(449, 31, NULL, 2, 'Tôi phải báo cáo bạn với quản trị viên'),
(450, 26, NULL, 10, 'Bạn có thể làm lại bản mới hông'),
(451, 27, NULL, 3, 'Không làm đòi có ăn'),
(452, 25, NULL, 25, 'có j ko bạn'),
(453, 50, NULL, 11, 'bạn tên thật là gì'),
(454, 26, NULL, 12, 'Dịch tốt lắm :>'),
(455, 30, NULL, 28, 'có j ko bạn'),
(456, 5, NULL, 13, 'Quá tệ'),
(457, 47, NULL, 15, 'Hay quá'),
(458, 36, NULL, 3, 'Bạn có thể làm lại bản mới hông'),
(459, 7, NULL, 27, 'LoVE'),
(460, 14, NULL, 29, 'Không làm đòi có ăn'),
(461, 18, NULL, 10, 'LoVE'),
(462, 17, NULL, 7, 'ad ơi.....'),
(463, 51, NULL, 5, 'ad ơi.....'),
(464, 52, NULL, 23, 'Dịch tốt lắm :>'),
(465, 54, NULL, 16, 'Bạn có thể làm lại bản mới hông'),
(466, 27, NULL, 20, 'Mình cần tìm bản dịch này'),
(467, 22, NULL, 3, 'Bạn làm tốt lắm sau nay mong có cơ hội lại hợp tác'),
(468, 38, NULL, 4, 'Tôi phải báo cáo bạn với quản trị viên'),
(469, 4, NULL, 21, 'Không làm đòi có ăn'),
(470, 48, NULL, 13, 'Hay quá'),
(471, 3, NULL, 8, 'Bạn có thể làm lại bản mới hông'),
(472, 25, NULL, 12, 'Dịch tốt lắm :>'),
(473, 5, NULL, 12, 'Bạn cho mình xin info'),
(474, 51, NULL, 12, 'Muahaaaaaaaaa'),
(475, 25, NULL, 3, 'Bạn cho mình xin info'),
(476, 20, NULL, 23, 'LoVE'),
(477, 20, NULL, 7, 'Muahaaaaaaaaa'),
(478, 19, NULL, 27, 'Quá tệ'),
(479, 14, NULL, 26, 'à thế à. thanks mãi yêu'),
(480, 54, NULL, 19, 'Quá tệ'),
(481, 22, NULL, 14, 'Mình cần tìm bản dịch này'),
(482, 52, NULL, 12, 'Không nhớ'),
(483, 3, NULL, 23, 'Mình cần tìm bản dịch này'),
(484, 10, NULL, 24, 'Bạn thật tuyệt'),
(485, 26, NULL, 16, 'Bạn làm tốt lắm sau nay mong có cơ hội lại hợp tác'),
(486, 11, NULL, 5, 'Mình cần tìm bản dịch này'),
(487, 18, NULL, 23, 'Dịch tốt lắm :>'),
(488, 46, NULL, 20, 'Bản dịch của bạn quá tệ'),
(489, 5, NULL, 26, 'Muahaaaaaaaaa'),
(490, 16, NULL, 9, 'có j ko bạn'),
(491, 21, NULL, 25, 'Hay quá'),
(492, 34, NULL, 6, 'Bạn thật tuyệt'),
(493, 31, NULL, 7, 'Không làm đòi có ăn'),
(494, 23, NULL, 12, 'có j ko bạn'),
(495, 28, NULL, 4, 'hi, ai đó giúp mình với'),
(496, 55, NULL, 20, 'Dịch tốt lắm :>'),
(497, 11, NULL, 16, 'Cho mình làm quen nhé'),
(498, 30, NULL, 5, 'Dịch tốt lắm :>'),
(499, 21, NULL, 9, 'Mình cần tìm bản dịch này'),
(500, 6, NULL, 6, 'có j ko bạn'),
(501, 55, NULL, 18, 'LoVE'),
(502, 1, NULL, 25, 'à thế à. thanks mãi yêu'),
(503, 5, NULL, 19, 'à thế à. thanks mãi yêu'),
(504, 13, NULL, 26, 'Dịch tốt lắm :>'),
(505, 44, NULL, 22, 'bạn tên thật là gì'),
(506, 20, NULL, 28, 'hi, ai đó giúp mình với'),
(507, 3, NULL, 25, 'hi, ai đó giúp mình với'),
(508, 21, NULL, 21, 'Muahaaaaaaaaa'),
(509, 11, NULL, 29, 'hi, ai đó giúp mình với'),
(510, 50, NULL, 1, 'Mình cần tìm bản dịch này'),
(511, 37, NULL, 4, 'Bạn có thể làm lại bản mới hông'),
(512, 43, NULL, 2, 'Không làm đòi có ăn'),
(513, 46, NULL, 19, 'Không làm đòi có ăn'),
(514, 20, NULL, 2, 'Bạn làm tốt lắm sau nay mong có cơ hội lại hợp tác'),
(515, 2, NULL, 25, 'Bản dịch của bạn quá tệ'),
(516, 47, NULL, 16, 'Bạn có thể làm lại bản mới hông'),
(517, 49, NULL, 25, 'Cho mình làm quen nhé'),
(518, 39, NULL, 14, 'LoVE'),
(519, 8, NULL, 12, 'Quá tệ'),
(520, 11, NULL, 29, 'Quá tệ'),
(521, 19, NULL, 29, 'Bạn thật tuyệt'),
(522, 14, NULL, 8, 'hi, ai đó giúp mình với'),
(523, 26, NULL, 1, 'à thế à. thanks mãi yêu'),
(524, 49, NULL, 9, 'Không làm đòi có ăn'),
(525, 17, NULL, 4, 'Không nhớ'),
(526, 8, NULL, 16, 'Không làm đòi có ăn'),
(527, 45, NULL, 21, 'Không làm đòi có ăn'),
(528, 20, NULL, 13, 'Bạn làm tốt lắm sau nay mong có cơ hội lại hợp tác'),
(529, 54, NULL, 8, 'Bạn có thể làm lại bản mới hông'),
(530, 2, NULL, 5, 'Không nhớ'),
(531, 49, NULL, 6, 'Bạn thật tuyệt'),
(532, 31, NULL, 23, 'Hay quá'),
(533, 28, NULL, 26, 'LoVE'),
(534, 4, NULL, 7, 'Muahaaaaaaaaa'),
(535, 10, NULL, 24, 'à thế à. thanks mãi yêu'),
(536, 6, NULL, 12, 'bạn tên thật là gì'),
(537, 1, NULL, 23, 'Dịch tốt lắm :>'),
(538, 16, NULL, 8, 'Quá tệ'),
(539, 30, NULL, 1, 'Không nhớ'),
(540, 31, NULL, 24, 'có j ko bạn'),
(541, 14, NULL, 8, 'Muahaaaaaaaaa'),
(542, 11, NULL, 26, 'Bản dịch của bạn quá tệ'),
(543, 28, NULL, 10, 'bạn tên thật là gì'),
(544, 30, NULL, 1, 'Bản dịch của bạn quá tệ'),
(545, 17, NULL, 24, 'Không làm đòi có ăn'),
(546, 9, NULL, 5, 'Mình cần tìm bản dịch này'),
(547, 42, NULL, 6, 'Mình cần tìm bản dịch này'),
(548, 4, NULL, 22, 'Bạn làm tốt lắm sau nay mong có cơ hội lại hợp tác'),
(549, 41, NULL, 5, 'LoVE'),
(550, 18, NULL, 7, 'hi, ai đó giúp mình với'),
(551, 50, NULL, 16, 'Bạn làm tốt lắm sau nay mong có cơ hội lại hợp tác'),
(552, 48, NULL, 12, 'Cho mình làm quen nhé'),
(553, 52, NULL, 10, 'bạn tên thật là gì'),
(554, 15, NULL, 21, 'bạn tên thật là gì'),
(555, 38, NULL, 15, 'Cho mình làm quen nhé'),
(556, 44, NULL, 12, 'Quá tệ'),
(557, 17, NULL, 22, 'Cũng ổn đó'),
(558, 53, 39, NULL, 'Bạn thật tuyệt'),
(559, 47, 65, NULL, 'Bạn làm tốt lắm sau nay mong có cơ hội lại hợp tác'),
(560, 17, 27, NULL, 'Tôi phải báo cáo bạn với quản trị viên'),
(561, 14, 35, NULL, 'Dịch tốt lắm :>'),
(562, 24, 12, NULL, 'Không làm đòi có ăn'),
(563, 29, 30, NULL, 'Bạn thật tuyệt'),
(564, 52, 20, NULL, 'Bạn cho mình xin info'),
(565, 43, 8, NULL, 'Tôi phải báo cáo bạn với quản trị viên'),
(566, 24, 24, NULL, 'Bạn cho mình xin info'),
(567, 40, 3, NULL, 'Không làm đòi có ăn'),
(568, 48, 48, NULL, 'Quá tệ'),
(569, 30, 28, NULL, 'ad ơi.....'),
(570, 16, 14, NULL, 'Quá tệ'),
(571, 4, 16, NULL, 'LoVE'),
(572, 18, 4, NULL, 'Dịch tốt lắm :>'),
(573, 51, 66, NULL, 'Muahaaaaaaaaa'),
(574, 3, 45, NULL, 'Muahaaaaaaaaa'),
(575, 21, 58, NULL, 'hi, ai đó giúp mình với'),
(576, 46, 57, NULL, 'Hay quá'),
(577, 24, 39, NULL, 'Tôi phải báo cáo bạn với quản trị viên'),
(578, 45, 55, NULL, 'Quá tệ'),
(579, 36, 53, NULL, 'Quá tệ'),
(580, 13, 57, NULL, 'Bạn có thể làm lại bản mới hông'),
(581, 21, 43, NULL, 'Tôi phải báo cáo bạn với quản trị viên'),
(582, 15, 7, NULL, 'à thế à. thanks mãi yêu'),
(583, 35, 63, NULL, 'LoVE'),
(584, 49, 43, NULL, 'Tôi phải báo cáo bạn với quản trị viên'),
(585, 43, 57, NULL, 'Muahaaaaaaaaa'),
(586, 10, 31, NULL, 'Muahaaaaaaaaa'),
(587, 17, 54, NULL, 'Bạn có thể làm lại bản mới hông'),
(588, 38, 35, NULL, 'Bản dịch của bạn quá tệ'),
(589, 10, 11, NULL, 'à thế à. thanks mãi yêu'),
(590, 40, 64, NULL, 'Bạn thật tuyệt'),
(591, 9, 4, NULL, 'hi, ai đó giúp mình với'),
(592, 7, 46, NULL, 'Không nhớ'),
(593, 3, 46, NULL, 'Cho mình làm quen nhé'),
(594, 1, 47, NULL, 'Muahaaaaaaaaa'),
(595, 46, 56, NULL, 'Bạn cho mình xin info'),
(596, 34, 50, NULL, 'có j ko bạn'),
(597, 19, 18, NULL, 'Bạn làm tốt lắm sau nay mong có cơ hội lại hợp tác'),
(598, 44, 22, NULL, 'Bạn thật tuyệt'),
(599, 24, 28, NULL, 'Muahaaaaaaaaa'),
(600, 7, 25, NULL, 'Tôi phải báo cáo bạn với quản trị viên'),
(601, 31, 49, NULL, 'Không nhớ'),
(602, 52, 12, NULL, 'Bản dịch của bạn quá tệ'),
(603, 2, 8, NULL, 'Bản dịch của bạn quá tệ'),
(604, 47, 52, NULL, 'Bạn thật tuyệt'),
(605, 16, 29, NULL, 'Muahaaaaaaaaa'),
(606, 8, 1, NULL, 'Tôi phải báo cáo bạn với quản trị viên'),
(607, 31, 33, NULL, 'Bạn có thể làm lại bản mới hông'),
(608, 41, 7, NULL, 'Quá tệ'),
(609, 7, 51, NULL, 'bạn tên thật là gì'),
(610, 42, 14, NULL, 'Muahaaaaaaaaa'),
(611, 9, 48, NULL, 'Mình cần tìm bản dịch này'),
(612, 32, 54, NULL, 'Bạn làm tốt lắm sau nay mong có cơ hội lại hợp tác'),
(613, 25, 54, NULL, 'Không làm đòi có ăn'),
(614, 50, 30, NULL, 'Không nhớ'),
(615, 8, 18, NULL, 'Hay quá'),
(616, 55, 15, NULL, 'Bản dịch của bạn quá tệ'),
(617, 25, 1, NULL, 'Bạn thật tuyệt'),
(618, 40, 22, NULL, 'Mình cần tìm bản dịch này'),
(619, 14, 37, NULL, 'Quá tệ'),
(620, 47, 16, NULL, 'có j ko bạn'),
(621, 17, 28, NULL, 'Hay quá'),
(622, 28, 41, NULL, 'LoVE'),
(623, 5, 1, NULL, 'bạn tên thật là gì'),
(624, 48, 62, NULL, 'LoVE'),
(625, 29, 15, NULL, 'Bạn có thể làm lại bản mới hông'),
(626, 4, 63, NULL, 'Bạn cho mình xin info'),
(627, 1, 51, NULL, 'Không làm đòi có ăn'),
(628, 1, 36, NULL, 'LoVE'),
(629, 28, 55, NULL, 'Dịch tốt lắm :>'),
(630, 5, 45, NULL, 'Hay quá'),
(631, 7, 42, NULL, 'Bạn có thể làm lại bản mới hông'),
(632, 39, 13, NULL, 'Bạn có thể làm lại bản mới hông'),
(633, 45, 63, NULL, 'Bạn có thể làm lại bản mới hông'),
(634, 53, 61, NULL, 'Quá tệ'),
(635, 23, 29, NULL, 'Hay quá'),
(636, 9, 49, NULL, 'Bạn cho mình xin info'),
(637, 47, 10, NULL, 'Bạn có thể làm lại bản mới hông'),
(638, 51, 61, NULL, 'Không nhớ'),
(639, 53, 28, NULL, 'Tôi phải báo cáo bạn với quản trị viên'),
(640, 39, 52, NULL, 'Không nhớ'),
(641, 24, 67, NULL, 'à thế à. thanks mãi yêu'),
(642, 18, 53, NULL, 'Dịch tốt lắm :>'),
(643, 5, 56, NULL, 'Bạn có thể làm lại bản mới hông'),
(644, 31, 40, NULL, 'Tôi phải báo cáo bạn với quản trị viên'),
(645, 16, 28, NULL, 'Bạn thật tuyệt'),
(646, 28, 4, NULL, 'à thế à. thanks mãi yêu'),
(647, 1, 47, NULL, 'ad ơi.....'),
(648, 40, 20, NULL, 'Không làm đòi có ăn'),
(649, 50, 11, NULL, 'ad ơi.....'),
(650, 19, 60, NULL, 'Không làm đòi có ăn'),
(651, 10, 28, NULL, 'Hay quá'),
(652, 11, 2, NULL, 'bạn tên thật là gì'),
(653, 9, 15, NULL, 'à thế à. thanks mãi yêu'),
(654, 5, 9, NULL, 'Dịch tốt lắm :>'),
(655, 41, 40, NULL, 'Bạn thật tuyệt'),
(656, 54, 22, NULL, 'LoVE'),
(657, 48, 28, NULL, 'Dịch tốt lắm :>'),
(658, 33, 31, NULL, 'Không nhớ'),
(659, 22, 28, NULL, 'à thế à. thanks mãi yêu'),
(660, 30, 7, NULL, 'Mình cần tìm bản dịch này'),
(661, 16, 33, NULL, 'ad ơi.....'),
(662, 49, 33, NULL, 'bạn tên thật là gì'),
(663, 52, 65, NULL, 'Bản dịch của bạn quá tệ'),
(664, 46, 5, NULL, 'Bạn cho mình xin info'),
(665, 20, 10, NULL, 'ad ơi.....'),
(666, 7, 49, NULL, 'bạn tên thật là gì'),
(667, 12, 58, NULL, 'Bạn thật tuyệt'),
(668, 20, 11, NULL, 'Quá tệ'),
(669, 53, 52, NULL, 'có j ko bạn'),
(670, 9, 30, NULL, 'LoVE'),
(671, 49, 23, NULL, 'à thế à. thanks mãi yêu'),
(672, 43, 49, NULL, 'Bản dịch của bạn quá tệ'),
(673, 41, 41, NULL, 'Mình cần tìm bản dịch này'),
(674, 43, 34, NULL, 'Hay quá'),
(675, 31, 65, NULL, 'Bạn có thể làm lại bản mới hông'),
(676, 3, 39, NULL, 'Dịch tốt lắm :>'),
(677, 26, 9, NULL, 'ad ơi.....'),
(678, 52, 1, NULL, 'Bạn làm tốt lắm sau nay mong có cơ hội lại hợp tác'),
(679, 47, 15, NULL, 'Bản dịch của bạn quá tệ'),
(680, 38, 55, NULL, 'Dịch tốt lắm :>'),
(681, 26, 5, NULL, 'LoVE'),
(682, 42, 45, NULL, 'Quá tệ'),
(683, 31, 51, NULL, 'Quá tệ'),
(684, 44, 5, NULL, 'Bạn thật tuyệt'),
(685, 52, 56, NULL, 'bạn tên thật là gì'),
(686, 14, 21, NULL, 'Quá tệ'),
(687, 28, 17, NULL, 'bạn tên thật là gì'),
(688, 36, 8, NULL, 'Tôi phải báo cáo bạn với quản trị viên'),
(689, 55, 48, NULL, 'Bản dịch của bạn quá tệ'),
(690, 10, 43, NULL, 'Bạn cho mình xin info'),
(691, 52, 62, NULL, 'bạn tên thật là gì'),
(692, 43, 56, NULL, 'Bản dịch của bạn quá tệ'),
(693, 45, 27, NULL, 'Không làm đòi có ăn'),
(694, 41, 61, NULL, 'LoVE'),
(695, 17, 63, NULL, 'Bạn có thể làm lại bản mới hông'),
(696, 41, 57, NULL, 'Cũng ổn đó'),
(697, 45, 4, NULL, 'LoVE'),
(698, 54, 46, NULL, 'Bản dịch của bạn quá tệ'),
(699, 16, 36, NULL, 'bạn tên thật là gì'),
(700, 49, 61, NULL, 'Không làm đòi có ăn'),
(701, 51, 27, NULL, 'Bạn có thể làm lại bản mới hông'),
(702, 18, 67, NULL, 'hi, ai đó giúp mình với'),
(703, 41, 13, NULL, 'Hay quá'),
(704, 7, 24, NULL, 'bạn tên thật là gì'),
(705, 13, 41, NULL, 'LoVE'),
(706, 41, 52, NULL, 'có j ko bạn'),
(707, 15, 2, NULL, 'Không nhớ'),
(708, 49, 30, NULL, 'Bạn làm tốt lắm sau nay mong có cơ hội lại hợp tác'),
(709, 4, 26, NULL, 'bạn tên thật là gì'),
(710, 25, 13, NULL, 'Muahaaaaaaaaa'),
(711, 10, 35, NULL, 'Mình cần tìm bản dịch này'),
(712, 2, 30, NULL, 'Cho mình làm quen nhé'),
(713, 30, 66, NULL, 'bạn tên thật là gì'),
(714, 52, 13, NULL, 'Bạn thật tuyệt'),
(715, 31, 33, NULL, 'LoVE'),
(716, 4, 48, NULL, 'Không làm đòi có ăn'),
(717, 39, 57, NULL, 'à thế à. thanks mãi yêu'),
(718, 30, 40, NULL, 'Bản dịch của bạn quá tệ'),
(719, 29, 64, NULL, 'à thế à. thanks mãi yêu'),
(720, 5, 58, NULL, 'Quá tệ'),
(721, 26, 37, NULL, 'Không làm đòi có ăn'),
(722, 47, 14, NULL, 'bạn tên thật là gì'),
(723, 51, 26, NULL, 'LoVE'),
(724, 29, 9, NULL, 'à thế à. thanks mãi yêu'),
(725, 3, 46, NULL, 'Mình cần tìm bản dịch này'),
(726, 11, 61, NULL, 'ad ơi.....'),
(727, 1, 61, NULL, 'LoVE'),
(728, 3, 1, NULL, 'có j ko bạn'),
(729, 9, 37, NULL, 'Bạn thật tuyệt'),
(730, 5, 28, NULL, 'Quá tệ'),
(731, 51, 5, NULL, 'có j ko bạn'),
(732, 42, 53, NULL, 'Quá tệ'),
(733, 34, 9, NULL, 'Cho mình làm quen nhé'),
(734, 2, 16, NULL, 'Hay quá'),
(735, 55, 31, NULL, 'Bạn có thể làm lại bản mới hông'),
(736, 54, 40, NULL, 'Quá tệ'),
(737, 19, 11, NULL, 'Bạn thật tuyệt'),
(738, 39, 42, NULL, 'Cho mình làm quen nhé'),
(739, 46, 49, NULL, 'Tôi phải báo cáo bạn với quản trị viên'),
(740, 27, 60, NULL, 'Quá tệ'),
(741, 12, 57, NULL, 'Hay quá'),
(742, 12, 47, NULL, 'Tôi phải báo cáo bạn với quản trị viên'),
(743, 10, 4, NULL, 'Bạn thật tuyệt'),
(744, 30, 53, NULL, 'Bạn có thể làm lại bản mới hông'),
(745, 50, 62, NULL, 'Bạn cho mình xin info'),
(746, 51, 34, NULL, 'Tôi phải báo cáo bạn với quản trị viên'),
(747, 12, 49, NULL, 'Cho mình làm quen nhé'),
(748, 25, 27, NULL, 'à thế à. thanks mãi yêu'),
(749, 35, 24, NULL, 'Bạn có thể làm lại bản mới hông'),
(750, 12, 52, NULL, 'Không làm đòi có ăn'),
(751, 7, 12, NULL, 'Mình cần tìm bản dịch này'),
(752, 44, 12, NULL, 'LoVE'),
(753, 27, 31, NULL, 'có j ko bạn'),
(754, 14, 11, NULL, 'Bạn cho mình xin info'),
(755, 53, 27, NULL, 'Bạn có thể làm lại bản mới hông'),
(756, 38, 50, NULL, 'bạn tên thật là gì'),
(757, 48, 40, NULL, 'bạn tên thật là gì'),
(758, 5, 22, NULL, 'Dịch tốt lắm :>'),
(759, 34, 56, NULL, 'Cho mình làm quen nhé'),
(760, 30, 49, NULL, 'LoVE'),
(761, 35, 43, NULL, 'Không làm đòi có ăn'),
(762, 27, 23, NULL, 'Quá tệ'),
(763, 31, 51, NULL, 'Cho mình làm quen nhé'),
(764, 49, 14, NULL, 'Hay quá'),
(765, 19, 64, NULL, 'Bạn thật tuyệt'),
(766, 28, 38, NULL, 'bạn tên thật là gì'),
(767, 15, 63, NULL, 'Quá tệ'),
(768, 35, 15, NULL, 'Muahaaaaaaaaa'),
(769, 24, 18, NULL, 'Bạn có thể làm lại bản mới hông'),
(770, 44, 19, NULL, 'hi, ai đó giúp mình với'),
(771, 21, 46, NULL, 'Muahaaaaaaaaa'),
(772, 25, 38, NULL, 'Bạn có thể làm lại bản mới hông'),
(773, 33, 61, NULL, 'LoVE'),
(774, 20, 28, NULL, 'Dịch tốt lắm :>'),
(775, 35, 42, NULL, 'Bạn thật tuyệt'),
(776, 4, 5, NULL, 'Quá tệ'),
(777, 16, 13, NULL, 'Quá tệ'),
(778, 49, 2, NULL, 'ad ơi.....'),
(779, 49, 41, NULL, 'Mình cần tìm bản dịch này'),
(780, 26, 66, NULL, 'Bạn cho mình xin info'),
(781, 24, 30, NULL, 'Dịch tốt lắm :>'),
(782, 28, 63, NULL, 'Tôi phải báo cáo bạn với quản trị viên'),
(783, 36, 13, NULL, 'Bản dịch của bạn quá tệ'),
(784, 20, 43, NULL, 'Bạn có thể làm lại bản mới hông'),
(785, 24, 31, NULL, 'LoVE'),
(786, 1, 56, NULL, 'bạn tên thật là gì'),
(787, 6, 48, NULL, 'Bạn cho mình xin info'),
(788, 43, 19, NULL, 'bạn tên thật là gì'),
(789, 18, 50, NULL, 'LoVE'),
(790, 6, 6, NULL, 'LoVE'),
(791, 55, 32, NULL, 'có j ko bạn'),
(792, 14, 67, NULL, 'có j ko bạn'),
(793, 50, 45, NULL, 'hi, ai đó giúp mình với'),
(794, 19, 7, NULL, 'LoVE'),
(795, 45, 10, NULL, 'Bạn thật tuyệt'),
(796, 42, 5, NULL, 'Không làm đòi có ăn'),
(797, 52, 50, NULL, 'ad ơi.....'),
(798, 32, 41, NULL, 'Không làm đòi có ăn'),
(799, 48, 36, NULL, 'Bản dịch của bạn quá tệ'),
(800, 39, 23, NULL, 'Mình cần tìm bản dịch này'),
(801, 55, 54, NULL, 'Bạn thật tuyệt'),
(802, 43, 55, NULL, 'Muahaaaaaaaaa'),
(803, 19, 51, NULL, 'bạn tên thật là gì'),
(804, 31, 18, NULL, 'Bạn có thể làm lại bản mới hông'),
(805, 30, 49, NULL, 'Mình cần tìm bản dịch này'),
(806, 3, 63, NULL, 'Bạn cho mình xin info'),
(807, 13, 67, NULL, 'Bản dịch của bạn quá tệ'),
(808, 5, 65, NULL, 'bạn tên thật là gì'),
(809, 10, 15, NULL, 'LoVE'),
(810, 25, 35, NULL, 'có j ko bạn'),
(811, 46, 31, NULL, 'Dịch tốt lắm :>'),
(812, 5, 11, NULL, 'Muahaaaaaaaaa'),
(813, 6, 61, NULL, 'Dịch tốt lắm :>'),
(814, 4, 48, NULL, 'LoVE'),
(815, 28, 40, NULL, 'Mình cần tìm bản dịch này'),
(816, 22, 57, NULL, 'ad ơi.....'),
(817, 20, 38, NULL, 'LoVE'),
(818, 20, 21, NULL, 'à thế à. thanks mãi yêu'),
(819, 25, 10, NULL, 'bạn tên thật là gì'),
(820, 26, 4, NULL, 'Bạn làm tốt lắm sau nay mong có cơ hội lại hợp tác'),
(821, 13, 38, NULL, 'bạn tên thật là gì'),
(822, 30, 52, NULL, 'Tôi phải báo cáo bạn với quản trị viên'),
(823, 15, 43, NULL, 'à thế à. thanks mãi yêu'),
(824, 32, 12, NULL, 'Cho mình làm quen nhé'),
(825, 31, 43, NULL, 'Bạn làm tốt lắm sau nay mong có cơ hội lại hợp tác'),
(826, 50, 14, NULL, 'ad ơi.....'),
(827, 45, 45, NULL, 'hi, ai đó giúp mình với'),
(828, 20, 56, NULL, 'bạn tên thật là gì'),
(829, 4, 42, NULL, 'à thế à. thanks mãi yêu'),
(830, 38, 3, NULL, 'ad ơi.....'),
(831, 24, 29, NULL, 'hi, ai đó giúp mình với'),
(832, 45, 15, NULL, 'Bạn cho mình xin info'),
(833, 37, 46, NULL, 'Bạn cho mình xin info'),
(834, 19, 11, NULL, 'Bạn làm tốt lắm sau nay mong có cơ hội lại hợp tác'),
(835, 31, 35, NULL, 'Cũng ổn đó'),
(836, 3, 23, NULL, 'Muahaaaaaaaaa'),
(837, 2, 17, NULL, 'Tôi phải báo cáo bạn với quản trị viên'),
(838, 1, 50, NULL, 'Bạn có thể làm lại bản mới hông'),
(839, 3, 61, NULL, 'LoVE'),
(840, 31, 45, NULL, 'Bạn thật tuyệt'),
(841, 51, 38, NULL, 'Bạn có thể làm lại bản mới hông'),
(842, 18, 30, NULL, 'Bạn có thể làm lại bản mới hông'),
(843, 6, 8, NULL, 'LoVE'),
(844, 5, 20, NULL, 'ad ơi.....'),
(845, 52, 5, NULL, 'Bạn cho mình xin info'),
(846, 41, 43, NULL, 'Không làm đòi có ăn'),
(847, 27, 3, NULL, 'Mình cần tìm bản dịch này'),
(848, 38, 65, NULL, 'ad ơi.....'),
(849, 54, 48, NULL, 'Muahaaaaaaaaa'),
(850, 3, 62, NULL, 'có j ko bạn'),
(851, 40, 51, NULL, 'ad ơi.....'),
(852, 20, 10, NULL, 'Muahaaaaaaaaa'),
(853, 50, 7, NULL, 'Không nhớ'),
(854, 23, 21, NULL, 'LoVE'),
(855, 47, 54, NULL, 'Mình cần tìm bản dịch này'),
(856, 48, 41, NULL, 'Không làm đòi có ăn'),
(857, 43, 63, NULL, 'Bạn cho mình xin info'),
(858, 42, 62, NULL, 'Không nhớ'),
(859, 34, 47, NULL, 'à thế à. thanks mãi yêu'),
(860, 17, 66, NULL, 'bạn tên thật là gì'),
(861, 50, 33, NULL, 'Bản dịch của bạn quá tệ'),
(862, 18, 48, NULL, 'Cho mình làm quen nhé'),
(863, 45, 35, NULL, 'LoVE'),
(864, 15, 19, NULL, 'ad ơi.....'),
(865, 53, 24, NULL, 'Không nhớ'),
(866, 33, 24, NULL, 'Muahaaaaaaaaa'),
(867, 36, 9, NULL, 'Dịch tốt lắm :>'),
(868, 52, 27, NULL, 'Bạn cho mình xin info'),
(869, 10, 41, NULL, 'Tôi phải báo cáo bạn với quản trị viên'),
(870, 5, 35, NULL, 'Dịch tốt lắm :>'),
(871, 14, 18, NULL, 'Quá tệ'),
(872, 8, 13, NULL, 'Quá tệ'),
(873, 1, 9, NULL, 'Quá tệ'),
(874, 4, 32, NULL, 'bạn tên thật là gì'),
(875, 40, 38, NULL, 'Không làm đòi có ăn'),
(876, 55, 23, NULL, 'à thế à. thanks mãi yêu'),
(877, 37, 8, NULL, 'Muahaaaaaaaaa'),
(878, 28, 63, NULL, 'à thế à. thanks mãi yêu'),
(879, 20, 20, NULL, 'à thế à. thanks mãi yêu'),
(880, 34, 17, NULL, 'à thế à. thanks mãi yêu'),
(881, 37, 54, NULL, 'bạn tên thật là gì'),
(882, 27, 18, NULL, 'Không làm đòi có ăn'),
(883, 15, 18, NULL, 'LoVE'),
(884, 9, 47, NULL, 'Bản dịch của bạn quá tệ'),
(885, 9, 1, NULL, 'Dịch tốt lắm :>'),
(886, 36, 5, NULL, 'bạn tên thật là gì'),
(887, 50, 60, NULL, 'hi, ai đó giúp mình với'),
(888, 7, 46, NULL, 'Mình cần tìm bản dịch này'),
(889, 14, 14, NULL, 'có j ko bạn'),
(890, 11, 34, NULL, 'có j ko bạn'),
(891, 4, 54, NULL, 'Mình cần tìm bản dịch này'),
(892, 14, 34, NULL, 'Mình cần tìm bản dịch này'),
(893, 50, 59, NULL, 'bạn tên thật là gì'),
(894, 30, 64, NULL, 'Quá tệ'),
(895, 16, 2, NULL, 'Bạn làm tốt lắm sau nay mong có cơ hội lại hợp tác'),
(896, 12, 26, NULL, 'Không nhớ'),
(897, 45, 36, NULL, 'Dịch tốt lắm :>'),
(898, 45, 66, NULL, 'Muahaaaaaaaaa'),
(899, 30, 22, NULL, 'à thế à. thanks mãi yêu'),
(900, 51, 18, NULL, 'Muahaaaaaaaaa'),
(901, 50, 53, NULL, 'Bạn cho mình xin info'),
(902, 12, 55, NULL, 'Bản dịch của bạn quá tệ'),
(903, 6, 40, NULL, 'Bạn có thể làm lại bản mới hông'),
(904, 26, 5, NULL, 'Muahaaaaaaaaa'),
(905, 37, 57, NULL, 'Bạn làm tốt lắm sau nay mong có cơ hội lại hợp tác'),
(906, 11, 18, NULL, 'à thế à. thanks mãi yêu'),
(907, 6, 51, NULL, 'Quá tệ'),
(908, 2, 8, NULL, 'Cho mình làm quen nhé'),
(909, 1, 30, NULL, 'Không nhớ'),
(910, 43, 27, NULL, 'có j ko bạn'),
(911, 29, 34, NULL, 'Bạn cho mình xin info'),
(912, 48, 3, NULL, 'bạn tên thật là gì'),
(913, 2, 6, NULL, 'Bạn thật tuyệt'),
(914, 4, 9, NULL, 'Bạn cho mình xin info'),
(915, 16, 54, NULL, 'Bạn thật tuyệt'),
(916, 53, 30, NULL, 'có j ko bạn'),
(917, 39, 54, NULL, 'Dịch tốt lắm :>'),
(918, 40, 3, NULL, 'Không nhớ'),
(919, 49, 32, NULL, 'Mình cần tìm bản dịch này'),
(920, 2, 67, NULL, 'Hay quá'),
(921, 22, 37, NULL, 'à thế à. thanks mãi yêu'),
(922, 2, 38, NULL, 'bạn tên thật là gì'),
(923, 42, 11, NULL, 'Bạn thật tuyệt'),
(924, 31, 63, NULL, 'Tôi phải báo cáo bạn với quản trị viên'),
(925, 53, 1, NULL, 'có j ko bạn'),
(926, 49, 7, NULL, 'có j ko bạn'),
(927, 55, 25, NULL, 'Dịch tốt lắm :>'),
(928, 49, 24, NULL, 'Không làm đòi có ăn'),
(929, 43, 12, NULL, 'Mình cần tìm bản dịch này'),
(930, 27, 63, NULL, 'Không làm đòi có ăn'),
(931, 17, 52, NULL, 'ad ơi.....'),
(932, 11, 6, NULL, 'có j ko bạn'),
(933, 44, 31, NULL, 'bạn tên thật là gì'),
(934, 32, 67, NULL, 'có j ko bạn'),
(935, 12, 51, NULL, 'Không nhớ'),
(936, 44, 8, NULL, 'Bạn có thể làm lại bản mới hông'),
(937, 34, 24, NULL, 'Quá tệ'),
(938, 25, 37, NULL, 'Mình cần tìm bản dịch này'),
(939, 34, 56, NULL, 'LoVE'),
(940, 21, 55, NULL, 'Không nhớ'),
(941, 21, 29, NULL, 'Quá tệ'),
(942, 42, 46, NULL, 'Bạn làm tốt lắm sau nay mong có cơ hội lại hợp tác'),
(943, 13, 47, NULL, 'Dịch tốt lắm :>'),
(944, 22, 58, NULL, 'Không làm đòi có ăn'),
(945, 18, 53, NULL, 'Hay quá'),
(946, 52, 66, NULL, 'Hay quá'),
(947, 16, 48, NULL, 'à thế à. thanks mãi yêu'),
(948, 48, 40, NULL, 'ad ơi.....'),
(949, 34, 26, NULL, 'Bản dịch của bạn quá tệ'),
(950, 23, 29, NULL, 'Quá tệ'),
(951, 24, 64, NULL, 'Không nhớ'),
(952, 10, 55, NULL, 'LoVE'),
(953, 46, 61, NULL, 'Quá tệ'),
(954, 21, 53, NULL, 'Cho mình làm quen nhé'),
(955, 19, 25, NULL, 'Bạn có thể làm lại bản mới hông'),
(956, 8, 23, NULL, 'Không nhớ'),
(957, 40, 7, NULL, 'à thế à. thanks mãi yêu'),
(958, 28, 28, NULL, 'Bạn cho mình xin info'),
(959, 33, 26, NULL, 'Bạn làm tốt lắm sau nay mong có cơ hội lại hợp tác'),
(960, 10, 52, NULL, 'Dịch tốt lắm :>'),
(961, 9, 47, NULL, 'có j ko bạn'),
(962, 31, 28, NULL, 'có j ko bạn'),
(963, 15, 41, NULL, 'Mình cần tìm bản dịch này'),
(964, 40, 58, NULL, 'hi, ai đó giúp mình với'),
(965, 18, 11, NULL, 'ad ơi.....'),
(966, 5, 19, NULL, 'Không làm đòi có ăn'),
(967, 55, 61, NULL, 'Muahaaaaaaaaa'),
(968, 52, 32, NULL, 'Bạn thật tuyệt'),
(969, 12, 3, NULL, 'Bạn cho mình xin info'),
(970, 26, 30, NULL, 'Muahaaaaaaaaa'),
(971, 31, 24, NULL, 'Không nhớ'),
(972, 43, 51, NULL, 'ad ơi.....'),
(973, 44, 18, NULL, 'Bạn cho mình xin info'),
(974, 18, 42, NULL, 'Cũng ổn đó'),
(975, 45, 37, NULL, 'Bạn có thể làm lại bản mới hông'),
(976, 29, 58, NULL, 'Hay quá'),
(977, 28, 59, NULL, 'Cho mình làm quen nhé'),
(978, 40, 37, NULL, 'à thế à. thanks mãi yêu'),
(979, 43, 57, NULL, 'Bạn thật tuyệt'),
(980, 47, 57, NULL, 'LoVE'),
(981, 4, 49, NULL, 'Cho mình làm quen nhé'),
(982, 47, 24, NULL, 'Hay quá'),
(983, 24, 18, NULL, 'Muahaaaaaaaaa'),
(984, 32, 57, NULL, 'Bạn cho mình xin info'),
(985, 55, 47, NULL, 'Hay quá'),
(986, 4, 54, NULL, 'Bản dịch của bạn quá tệ'),
(987, 2, 28, NULL, 'Bạn thật tuyệt'),
(988, 39, 49, NULL, 'bạn tên thật là gì'),
(989, 12, 63, NULL, 'Tôi phải báo cáo bạn với quản trị viên'),
(990, 25, 6, NULL, 'Mình cần tìm bản dịch này'),
(991, 11, 42, NULL, 'LoVE'),
(992, 29, 67, NULL, 'Dịch tốt lắm :>'),
(993, 29, 28, NULL, 'có j ko bạn'),
(994, 51, 6, NULL, 'Không nhớ'),
(995, 21, 15, NULL, 'Tôi phải báo cáo bạn với quản trị viên'),
(996, 40, 4, NULL, 'Bạn thật tuyệt'),
(997, 12, 42, NULL, 'Quá tệ'),
(998, 50, 12, NULL, 'có j ko bạn'),
(999, 25, 47, NULL, 'Không nhớ'),
(1000, 17, 7, NULL, 'Muahaaaaaaaaa'),
(1001, 42, 25, NULL, 'bạn tên thật là gì'),
(1002, 29, 59, NULL, 'Bạn làm tốt lắm sau nay mong có cơ hội lại hợp tác'),
(1003, 14, 67, NULL, 'Không làm đòi có ăn'),
(1004, 14, 23, NULL, 'Tôi phải báo cáo bạn với quản trị viên'),
(1005, 12, 19, NULL, 'à thế à. thanks mãi yêu'),
(1006, 49, 5, NULL, 'Tôi phải báo cáo bạn với quản trị viên'),
(1007, 11, 31, NULL, 'Bản dịch của bạn quá tệ'),
(1008, 27, 27, NULL, 'Tôi phải báo cáo bạn với quản trị viên'),
(1009, 15, 16, NULL, 'Bạn có thể làm lại bản mới hông'),
(1010, 44, 41, NULL, 'có j ko bạn'),
(1011, 11, 60, NULL, 'hi, ai đó giúp mình với'),
(1012, 44, 46, NULL, 'Bản dịch của bạn quá tệ'),
(1013, 28, 66, NULL, 'Dịch tốt lắm :>'),
(1014, 45, 59, NULL, 'LoVE'),
(1015, 26, 44, NULL, 'hi, ai đó giúp mình với'),
(1016, 22, 8, NULL, 'Dịch tốt lắm :>'),
(1017, 7, 55, NULL, 'à thế à. thanks mãi yêu'),
(1018, 48, 24, NULL, 'hi, ai đó giúp mình với'),
(1019, 20, 60, NULL, 'LoVE'),
(1020, 5, 50, NULL, 'bạn tên thật là gì'),
(1021, 34, 46, NULL, 'Bạn có thể làm lại bản mới hông'),
(1022, 17, 37, NULL, 'Dịch tốt lắm :>'),
(1023, 29, 7, NULL, 'Quá tệ'),
(1024, 46, 28, NULL, 'Quá tệ'),
(1025, 28, 23, NULL, 'Mình cần tìm bản dịch này'),
(1026, 13, 45, NULL, 'Cho mình làm quen nhé'),
(1027, 37, 21, NULL, 'Hay quá'),
(1028, 19, 39, NULL, 'Bạn có thể làm lại bản mới hông'),
(1029, 8, 30, NULL, 'Quá tệ'),
(1030, 29, 10, NULL, 'Bạn làm tốt lắm sau nay mong có cơ hội lại hợp tác'),
(1031, 8, 50, NULL, 'Cho mình làm quen nhé'),
(1032, 17, 15, NULL, 'Bản dịch của bạn quá tệ'),
(1033, 1, 28, NULL, 'Mình cần tìm bản dịch này'),
(1034, 37, 37, NULL, 'Không làm đòi có ăn'),
(1035, 26, 28, NULL, 'Quá tệ'),
(1036, 6, 22, NULL, 'hi, ai đó giúp mình với'),
(1037, 49, 17, NULL, 'Bạn làm tốt lắm sau nay mong có cơ hội lại hợp tác'),
(1038, 37, 52, NULL, 'ad ơi.....'),
(1039, 42, 50, NULL, 'ad ơi.....'),
(1040, 55, 5, NULL, 'Bạn cho mình xin info'),
(1041, 23, 64, NULL, 'ad ơi.....'),
(1042, 33, 13, NULL, 'Không nhớ'),
(1043, 11, 9, NULL, 'à thế à. thanks mãi yêu'),
(1044, 47, 64, NULL, 'bạn tên thật là gì'),
(1045, 44, 45, NULL, 'Muahaaaaaaaaa'),
(1046, 15, 20, NULL, 'Muahaaaaaaaaa'),
(1047, 22, 51, NULL, 'à thế à. thanks mãi yêu'),
(1048, 53, 18, NULL, 'Bạn thật tuyệt'),
(1049, 26, 47, NULL, 'Bản dịch của bạn quá tệ'),
(1050, 22, 53, NULL, 'hi, ai đó giúp mình với'),
(1051, 14, 34, NULL, 'à thế à. thanks mãi yêu'),
(1052, 53, 28, NULL, 'hi, ai đó giúp mình với'),
(1053, 26, 65, NULL, 'Bạn cho mình xin info'),
(1054, 4, 9, NULL, 'Cho mình làm quen nhé'),
(1055, 22, 8, NULL, 'Không nhớ'),
(1056, 49, 4, NULL, 'Bạn có thể làm lại bản mới hông'),
(1057, 45, 5, NULL, 'Bạn thật tuyệt'),
(1058, 49, 37, NULL, 'hi, ai đó giúp mình với'),
(1059, 12, 14, NULL, 'Không nhớ'),
(1060, 36, 63, NULL, 'Bạn cho mình xin info'),
(1061, 32, 62, NULL, 'ad ơi.....'),
(1062, 48, 29, NULL, 'Bản dịch của bạn quá tệ'),
(1063, 23, 20, NULL, 'Không nhớ'),
(1064, 54, 15, NULL, 'Không nhớ'),
(1065, 3, 40, NULL, 'Hay quá'),
(1066, 55, 56, NULL, 'Không nhớ'),
(1067, 4, 22, NULL, 'Hay quá'),
(1068, 16, 24, NULL, 'Tôi phải báo cáo bạn với quản trị viên'),
(1069, 11, 16, NULL, 'Tôi phải báo cáo bạn với quản trị viên'),
(1070, 12, 36, NULL, 'bạn tên thật là gì'),
(1071, 21, 14, NULL, 'LoVE'),
(1072, 17, 48, NULL, 'Tôi phải báo cáo bạn với quản trị viên'),
(1073, 31, 65, NULL, 'có j ko bạn'),
(1074, 15, 58, NULL, 'Bạn làm tốt lắm sau nay mong có cơ hội lại hợp tác'),
(1075, 2, 23, NULL, 'hi, ai đó giúp mình với'),
(1076, 3, 47, NULL, 'Bạn có thể làm lại bản mới hông'),
(1077, 46, 12, NULL, 'Bạn cho mình xin info'),
(1078, 9, 42, NULL, 'Bạn làm tốt lắm sau nay mong có cơ hội lại hợp tác'),
(1079, 10, 65, NULL, 'Bạn cho mình xin info'),
(1080, 54, 66, NULL, 'Bản dịch của bạn quá tệ'),
(1081, 39, 52, NULL, 'Dịch tốt lắm :>'),
(1082, 50, 43, NULL, 'Bạn có thể làm lại bản mới hông'),
(1083, 13, 55, NULL, 'Mình cần tìm bản dịch này'),
(1084, 36, 25, NULL, 'có j ko bạn'),
(1085, 53, 13, NULL, 'Không nhớ'),
(1086, 14, 55, NULL, 'à thế à. thanks mãi yêu'),
(1087, 17, 27, NULL, 'Hay quá'),
(1088, 50, 16, NULL, 'Bạn thật tuyệt'),
(1089, 23, 7, NULL, 'Không làm đòi có ăn'),
(1090, 16, 60, NULL, 'Mình cần tìm bản dịch này'),
(1091, 9, 26, NULL, 'có j ko bạn'),
(1092, 46, 46, NULL, 'có j ko bạn'),
(1093, 2, 17, NULL, 'Tôi phải báo cáo bạn với quản trị viên'),
(1094, 37, 17, NULL, 'à thế à. thanks mãi yêu'),
(1095, 50, 18, NULL, 'Hay quá'),
(1096, 46, 51, NULL, 'Mình cần tìm bản dịch này'),
(1097, 18, 51, NULL, 'LoVE'),
(1098, 14, 10, NULL, 'hi, ai đó giúp mình với'),
(1099, 49, 58, NULL, 'Bạn thật tuyệt'),
(1100, 49, 43, NULL, 'Bạn có thể làm lại bản mới hông'),
(1101, 29, 25, NULL, 'Dịch tốt lắm :>'),
(1102, 5, 52, NULL, 'Hay quá'),
(1103, 40, 60, NULL, 'à thế à. thanks mãi yêu'),
(1104, 15, 63, NULL, 'Hay quá'),
(1105, 53, 62, NULL, 'Bạn cho mình xin info'),
(1106, 33, 23, NULL, 'có j ko bạn'),
(1107, 18, 62, NULL, 'Bản dịch của bạn quá tệ'),
(1108, 8, 12, NULL, 'LoVE'),
(1109, 19, 38, NULL, 'Không nhớ'),
(1110, 25, 24, NULL, 'Muahaaaaaaaaa'),
(1111, 2, 66, NULL, 'Bạn làm tốt lắm sau nay mong có cơ hội lại hợp tác'),
(1112, 4, 48, NULL, 'hi, ai đó giúp mình với'),
(1113, 36, 9, NULL, 'Cũng ổn đó'),
(1114, 14, 62, NULL, 'vậy à');

-- --------------------------------------------------------

--
-- Table structure for table `customer`
--

DROP TABLE IF EXISTS `customer`;
CREATE TABLE IF NOT EXISTS `customer` (
  `cuId` int(11) NOT NULL AUTO_INCREMENT,
  `nName` varchar(30) COLLATE utf8_unicode_ci NOT NULL,
  `pass` varchar(15) COLLATE utf8_unicode_ci NOT NULL,
  `sex` varchar(10) COLLATE utf8_unicode_ci NOT NULL,
  `mail` varchar(30) COLLATE utf8_unicode_ci NOT NULL,
  `tRegister` datetime NOT NULL DEFAULT CURRENT_TIMESTAMP,
  `introduce` varchar(255) COLLATE utf8_unicode_ci NOT NULL,
  `cuRank` varchar(5) COLLATE utf8_unicode_ci NOT NULL DEFAULT 'user',
  `cuStatus` varchar(10) COLLATE utf8_unicode_ci NOT NULL DEFAULT 'enable',
  PRIMARY KEY (`cuId`),
  UNIQUE KEY `mail` (`mail`),
  UNIQUE KEY `nName` (`nName`)
) ENGINE=InnoDB AUTO_INCREMENT=56 DEFAULT CHARSET=utf8 COLLATE=utf8_unicode_ci;

--
-- Dumping data for table `customer`
--

INSERT INTO `customer` (`cuId`, `nName`, `pass`, `sex`, `mail`, `tRegister`, `introduce`, `cuRank`, `cuStatus`) VALUES
(1, 'Đinh Thị Khánh Tường', 'test123', 'Nữ', '18521618@gm.uit.edu.vn', '2021-07-08 16:08:52', 'Không có gì nói.', 'admin', 'enable'),
(2, 'Lê Thị Kim Vinh', 'test123', 'Nữ', '18521649@gm.uit.edu.vn', '2021-07-08 16:08:52', 'Không có gì nói.', 'admin', 'enable'),
(3, 'Hà Thị Kiều Phương', 'test123', 'Nữ', '18521269@gm.uit.edu.vn', '2021-07-08 16:08:52', 'Không có gì nói.', 'admin', 'enable'),
(4, 'Nguyễn Song Ngân Châu', 'test123', 'Nữ', '18520520@gm.uit.edu.vn', '2021-07-08 16:08:52', 'Không có gì nói.', 'admin', 'enable'),
(5, 'Võ Thành Đô', 'test123', 'Nam', '19521365@gm.uit.edu.vn', '2021-07-08 16:08:52', 'Không có gì nói.', 'admin', 'enable'),
(6, 'Nguyễn Văn Toàn', 'test123', 'Nam', 'abc1234@gmail.com', '2021-07-08 16:08:52', 'Không có gì nói.', 'user', 'enable'),
(7, 'Nguyễn Thị Tươi', 'test123', 'Nữ', 'abc1235@gmail.com', '2021-07-08 16:08:52', 'Không có gì nói.', 'user', 'enable'),
(8, 'Văn Thanh Nhàm', 'test123', 'Khác', 'abc1236@gmail.com', '2021-07-08 16:08:52', 'Không có gì nói.', 'user', 'enable'),
(9, 'Lê Thị Định', 'test123', 'Khác', 'abc1237@gmail.com', '2021-07-08 16:08:52', 'Không có gì nói.', 'user', 'enable'),
(10, 'Lê Văn Quyết', 'test123', 'Nam', 'abc1238@gmail.com', '2021-07-08 16:08:52', 'Không có gì nói.', 'user', 'enable'),
(11, 'Hà Thị My', 'test123', 'Nữ ', 'abc1239@gmail.com', '2021-07-08 16:08:52', 'Không có gì nói.', 'user', 'enable'),
(12, 'Võ Văn Toán Anh', 'test123', 'Khác', 'abc12311@gmail.com', '2021-07-08 16:08:52', 'Không có gì nói.', 'user', 'enable'),
(13, 'Võ Văn Anh Toán', 'test123', 'Khác', 'abc12322@gmail.com', '2021-07-08 16:08:52', 'Không có gì nói.', 'user', 'enable'),
(14, 'Võ Toán Anh Văn', 'test123', 'Khác ', 'abc12333@gmail.com', '2021-07-08 16:08:52', 'Không có gì nói.', 'user', 'enable'),
(15, 'Võ Toán Văn Anh', 'test123', 'Nam ', 'abc12344@gmail.com', '2021-07-08 16:08:52', 'Không có gì nói.', 'user', 'enable'),
(16, 'Võ Anh Văn Toán', 'test123', 'Nữ', 'abc12355@gmail.com', '2021-07-08 16:08:52', 'Không có gì nói.', 'user', 'enable'),
(17, 'Võ Anh Toán Văn', 'test123', 'Nữ', 'abc12366@gmail.com', '2021-07-08 16:08:52', 'Không có gì nói.', 'user', 'enable'),
(18, 'Nguyễn Sinh Thành', 'test123', 'Nữ', 'abc12377@gmail.com', '2021-07-08 16:08:52', 'Không có gì nói.', 'user', 'enable'),
(19, 'Nguyễn Sinh Xinh', 'test123', 'Nữ', 'abc1237227@gmail.com', '2021-07-08 16:08:52', 'Không có gì nói.', 'user', 'enable'),
(20, 'Nguyễn Sinh Xấu', 'test123', 'Nữ', 'abc12372237@gmail.com', '2021-07-08 16:08:52', 'Không có gì nói.', 'user', 'enable'),
(21, 'Sóng Xuân Quỳnh', 'test123', 'Nữ', 'abc789@gmail.com', '2021-07-08 16:08:52', 'Hello', 'user', 'enable'),
(22, 'Huỳnh Vũ', 'test123', 'Nam', 'huynhvu@gmail.com', '2021-07-08 16:08:52', 'Vũ đẹp troai', 'user', 'enable'),
(23, 'Lý Đức', 'test123', 'Nam', 'lyduc@gmail.com', '2021-07-08 16:08:52', 'Đức tài giỏi', 'user', 'enable'),
(24, 'Minh Thành', 'test123', 'Nam', 'minhthanh@gmail.com', '2021-07-08 16:08:52', 'Thành giàu', 'user', 'enable'),
(25, 'Hoàng Đức', 'test123', 'Nam', 'hoangduc@gmail.com', '2021-07-08 16:08:52', 'Đức là tôi', 'user', 'enable'),
(26, 'Đức Phát', 'test123', 'Nam', 'ducphat@gmail.com', '2021-07-08 16:08:52', 'Phát tài phát lộc', 'user', 'enable'),
(27, 'Hữu Đăng', 'test123', 'Nam', 'huudang@gmail.com', '2021-07-08 16:08:52', 'Đèn hoa đăng sáng trưng', 'user', 'enable'),
(28, 'Hoàng Hưng', 'test123', 'Nam', 'hoanghung@gmail.com', '2021-07-08 16:08:52', 'Hưng là người lương thiện', 'user', 'enable'),
(29, 'Nguyễn Văn Thịnh', 'test123', 'Nam', 'vanthinh@gmail.com', '2021-07-08 16:08:52', 'Thịnh Nguyễn pro', 'user', 'enable'),
(30, 'Dương Hoàng Công', 'test123', 'Nam', 'hoangcong@gmail.com', '2021-07-08 16:08:52', 'Công thức', 'user', 'enable'),
(31, 'Lê Thành Hữu', 'test123', 'Nam', 'thanhhuu@gmail.com', '2021-07-08 16:08:52', 'Mọi thứ đều hữu hạn', 'user', 'enable'),
(32, 'Trần Phước Thịnh', 'test123', 'Nam', 'phuocthinh@gmail.com', '2021-07-08 16:08:52', 'Thịnh là designer', 'user', 'enable'),
(33, 'Lý Hồng Bảo', 'test123', 'Nam', 'hongbao@gmail.com', '2021-07-08 16:08:52', 'Học sinh chuyên cần', 'user', 'enable'),
(34, 'Nguyễn Thanh Hiển', 'test123', 'Nam', 'thanhhien@gmail.com', '2021-07-08 16:08:52', 'Dân mê nhạc', 'user', 'enable'),
(35, 'Kim Đông', 'test123', 'Nam', 'kimdong@gmail.com', '2021-07-08 16:08:52', 'Ánh sáng của tôi ở đây', 'user', 'enable'),
(36, 'Đỗ Phước', 'test123', 'Nam', 'dophuoc@gmail.com', '2021-07-08 16:08:52', 'Rất vui được làm quen các bạn', 'user', 'enable'),
(37, 'Hải Phong', 'test123', 'Nam', 'haiphong@gmail.com', '2021-07-08 16:08:52', 'Ước mơ là nhạc sĩ', 'user', 'enable'),
(38, 'Huyền Vân', 'test123', 'Nữ', 'huyenvan@gmail.com', '2021-07-08 16:08:52', 'Cô gái xinh đẹp', 'user', 'enable'),
(39, 'Hồng Hân', 'test123', 'Nữ', 'honghan@gmail.com', '2021-07-08 16:08:52', 'Cô hái ưu tú xin chào', 'user', 'enable'),
(40, 'Gia Hân', 'test123', 'Nữ', 'giahan@gmail.com', '2021-07-08 16:08:52', 'Người bí ẩn', 'user', 'enable'),
(41, 'Thuỳ Dương', 'test123', 'Nữ', 'thuyduong@gmail.com', '2021-07-08 16:08:52', 'Tôi như ánh dương', 'user', 'enable'),
(42, 'Bảo Ngân', 'test123', 'Nữ', 'baongan@gmail.com', '2021-07-08 16:08:52', 'Bảo bối của bố mẹ', 'user', 'enable'),
(43, 'Hoàng Dung', 'test123', 'Nữ', 'hoangdung@gmail.com', '2021-07-08 16:08:52', 'Dung thuỳ mị', 'user', 'enable'),
(44, 'Diệu Phương', 'test123', 'Nữ', 'dieuphuong@gmail.com', '2021-07-08 16:08:52', 'Phương Phương hehe', 'user', 'enable'),
(45, 'Yến Oanh', 'test123', 'Nữ', 'yenoanh@gmail.com', '2021-07-08 16:08:52', 'Gần xa nô nức Yến Oanh', 'user', 'enable'),
(46, 'Ngọc Duyên', 'test123', 'Nữ', 'ngocduyen@gmail.com', '2021-07-08 16:08:52', 'Em là cô gái nhỏ nhắn', 'user', 'enable'),
(47, 'Kim Oánh', 'test123', 'Nữ', 'kimoanh@gmail.com', '2021-07-08 16:08:52', 'Hello mọi người', 'user', 'enable'),
(48, 'Phương Huyền', 'test123', 'Nữ', 'phuonghuyen@gmail.com', '2021-07-08 16:08:52', 'Em có đôi mắt huyền', 'user', 'enable'),
(49, 'Minh Trúc', 'test123', 'Nữ', 'minhtruc@gmail.com', '2021-07-08 16:08:52', 'Gió đưa cành trúc la đà', 'user', 'enable'),
(50, 'Minh Nguyệt', 'test123', 'Nữ', 'minhnguyet@gmail.com', '2021-07-08 16:08:52', 'Sàng tiền Minh Nguyệt quang ', 'user', 'enable'),
(51, 'Khánh Hạ', 'test123', 'Nữ', 'khanhha@gmail.com', '2021-07-08 16:08:52', 'Hạ hạ', 'user', 'enable'),
(52, 'Thảo Phương', 'test123', 'Nữ', 'thaophuong@gmail.com', '2021-07-08 16:08:52', 'Phương hiền lắm', 'user', 'enable'),
(53, 'Công Dung', 'test123', 'Nữ', 'congdung@gmail.com', '2021-07-08 16:08:52', 'Công dung ngôn hạnh', 'user', 'enable'),
(54, 'Mỹ Loan', 'test123', 'Nữ', 'myloan@gmail.com', '2021-07-08 16:08:52', 'Em là Loan', 'user', 'enable'),
(55, 'Diệp Lục', 'test123', 'Nữ', 'diepluc@gmail.com', '2021-07-08 16:08:52', 'Xanh lá xa lánh', 'user', 'enable');

-- --------------------------------------------------------

--
-- Table structure for table `request`
--

DROP TABLE IF EXISTS `request`;
CREATE TABLE IF NOT EXISTS `request` (
  `reId` int(11) NOT NULL AUTO_INCREMENT,
  `pName` varchar(60) COLLATE utf8_unicode_ci NOT NULL,
  `cuId` int(11) NOT NULL,
  `pLanguage` varchar(30) COLLATE utf8_unicode_ci NOT NULL,
  `category` varchar(30) COLLATE utf8_unicode_ci NOT NULL,
  `imagesLink` varchar(400) COLLATE utf8_unicode_ci NOT NULL,
  `videoLink` varchar(400) COLLATE utf8_unicode_ci NOT NULL,
  `price` int(11) NOT NULL,
  `info` varchar(400) COLLATE utf8_unicode_ci NOT NULL,
  `tRequest` datetime NOT NULL DEFAULT CURRENT_TIMESTAMP,
  `pPrivate` varchar(30) COLLATE utf8_unicode_ci NOT NULL DEFAULT 'Công khai',
  PRIMARY KEY (`reId`),
  KEY `QH1` (`cuId`)
) ENGINE=InnoDB AUTO_INCREMENT=30 DEFAULT CHARSET=utf8 COLLATE=utf8_unicode_ci;

--
-- Dumping data for table `request`
--

INSERT INTO `request` (`reId`, `pName`, `cuId`, `pLanguage`, `category`, `imagesLink`, `videoLink`, `price`, `info`, `tRequest`, `pPrivate`) VALUES
(1, 'Trần Tình Lệnh', 54, 'Tiếng Trung', 'Phim', 'https://upload.wikimedia.org/wikipedia/vi/3/31/Theuntamed.jpg', 'https://www.fullphimz.net/p/tran-tinh-lenh-tap-31', 30000, 'Sub kĩ vào không không trả tiền', '2021-07-08 16:11:40', 'Công khai'),
(2, 'Hữu Phỉ', 21, 'Tiếng Trung', 'Phim', 'https://afamilycdn.com/150157425591193600/2020/12/16/1311565293469890573128842867579205200882043o-1608082213721134348388.jpg', 'https://dongphym.co/movie/tap-38-huu-phi-legend-of-fei-662b1ed2_aTe9HQHP.html', 30000, 'Sub kĩ vào không không trả tiền', '2021-07-08 16:11:40', 'Công khai'),
(3, 'Mây họa ánh trăng', 46, 'Tiếng Hàn', 'Phim', 'https://www.google.com/search?q=m%C3%A2y+h%E1%BB%8Da+%C3%A1nh+tr%C4%83ng&sa=X&bih=657&biw=1366&rlz=1C1CHBF_enVN935VN935&hl=en&sxsrf=ALeKk03qwnEcgawiP2DddlnVY5qZPyV97A:1625628332203&tbm=isch&source=iu&ictx=1&fir=YTGwJ11T4fpsvM%252CrTlziYD3NUlqDM%252C_&vet=1&usg=AI4_-kTWsM72tFeUo5a8Y9rsNU--oV-A2Q&ved=2ahUKEwid9pu6gdDxAhWYeX0KHYRyDRgQ_h16BAgZEAE#imgrc=YTGwJ11T4fpsvM', 'https://www.google.com/search?q=m%C3%A2y+h%E1%BB%8Da+%C3%A1nh+tr%C4%83ng&sa=X&bih=657&biw=1366&rlz=1C1CHBF_enVN935VN935&hl=en&sxsrf=ALeKk03qwnEcgawiP2DddlnVY5qZPyV97A:1625628332203&tbm=isch&source=iu&ictx=1&fir=YTGwJ11T4fpsvM%252CrTlziYD3NUlqDM%252C_&vet=1&usg=AI4_-kTWsM72tFeUo5a8Y9rsNU--oV-A2Q&ved=2ahUKEwid9pu6gdDxAhWYeX0KHYRyDRgQ_h16BAgZEAE#imgrc=YTGwJ11T4fpsvM', 30000, 'Sub kĩ vào không không trả tiền', '2021-07-08 16:11:40', 'Công khai'),
(4, 'Hậu duệ mặt trời', 32, 'Tiếng Hàn', 'Phim', 'https://www.google.com/search?q=h%E1%BA%ADu+du%E1%BB%87+m%E1%BA%B7t+tr%E1%BB%9Di&bih=657&biw=1366&rlz=1C1CHBF_enVN935VN935&hl=en&sxsrf=ALeKk02BDaKLnmMEysKPh2uuO0MZTXoadQ:1625628351365&tbm=isch&source=iu&ictx=1&fir=ZibaYU-BxKk2bM%252CGsoWD6EZgXctqM%252C%252Fg%252F11b6hx02jn&vet=1&usg=AI4_-kQWCOMsrJ-FTkFHFaAcakLwMvQArw&sa=X&ved=2ahUKEwjSsa3DgdDxAhWDWX0KHQIpCIEQ_B16BAgpEAE#imgrc=ZibaYU-BxKk2bM', 'https://www.google.com/search?q=h%E1%BA%ADu+du%E1%BB%87+m%E1%BA%B7t+tr%E1%BB%9Di&bih=657&biw=1366&rlz=1C1CHBF_enVN935VN935&hl=en&sxsrf=ALeKk02BDaKLnmMEysKPh2uuO0MZTXoadQ:1625628351365&tbm=isch&source=iu&ictx=1&fir=ZibaYU-BxKk2bM%252CGsoWD6EZgXctqM%252C%252Fg%252F11b6hx02jn&vet=1&usg=AI4_-kQWCOMsrJ-FTkFHFaAcakLwMvQArw&sa=X&ved=2ahUKEwjSsa3DgdDxAhWDWX0KHQIpCIEQ_B16BAgpEAE#imgrc=ZibaYU-BxKk2bM', 30000, 'Sub kĩ vào không không trả tiền', '2021-07-08 16:11:40', 'Công khai'),
(5, 'Bạn gái tôi là hồ ly ', 46, 'Tiếng Hàn', 'Phim', 'https://www.google.com/search?q=b%E1%BA%A1n+g%C3%A1i+t%C3%B4i+l%C3%A0+h%E1%BB%93+ly&bih=657&biw=1366&rlz=1C1CHBF_enVN935VN935&hl=en&sxsrf=ALeKk01w7T_8lbq99xfrZ_n-S64CEVzkww:1625628430926&tbm=isch&source=iu&ictx=1&fir=mYaKMViK8im4FM%252CEnM-sEQSDPBlIM%252C%252Fm%252F0crd9rd&vet=1&usg=AI4_-kRMXkvVn11Pt5ZFYYVdPRRTuhuMiQ&sa=X&ved=2ahUKEwiMv6XpgdDxAhXaT30KHV4DBygQ_B16BAgoEAE#imgrc=mYaKMViK8im4FM', 'https://www.google.com/search?q=b%E1%BA%A1n+g%C3%A1i+t%C3%B4i+l%C3%A0+h%E1%BB%93+ly&bih=657&biw=1366&rlz=1C1CHBF_enVN935VN935&hl=en&sxsrf=ALeKk01w7T_8lbq99xfrZ_n-S64CEVzkww:1625628430926&tbm=isch&source=iu&ictx=1&fir=mYaKMViK8im4FM%252CEnM-sEQSDPBlIM%252C%252Fm%252F0crd9rd&vet=1&usg=AI4_-kRMXkvVn11Pt5ZFYYVdPRRTuhuMiQ&sa=X&ved=2ahUKEwiMv6XpgdDxAhXaT30KHV4DBygQ_B16BAgoEAE#imgrc=mYaKMViK8im4FM', 30000, 'Sub kĩ vào không không trả tiền', '2021-07-08 16:11:40', 'Công khai'),
(6, 'Bằng chứng thép I', 38, 'Tiếng Trung', 'Phim', 'https://upload.wikimedia.org/wikipedia/vi/a/a9/BangchungthepI.jpg', 'https://phimmoi123.com/phim/1395-bang-chung-thep-1', 30000, 'Sub kĩ vào không không trả tiền', '2021-07-08 16:11:40', 'Công khai'),
(7, 'Bằng chứng thép II', 50, 'Tiếng Trung', 'Phim', 'https://i.ytimg.com/vi/3RXgIP4QjAI/maxresdefault.jpg', 'https://vphimmoi.com/phim/bang-chung-thep-phan-2-x2/', 30000, 'Sub kĩ vào không không trả tiền', '2021-07-08 16:11:40', 'Công khai'),
(8, 'Bằng chứng thép III', 9, 'Tiếng Trung', 'Phim', 'https://cf.shopee.vn/file/d6d347558fbffc99cb72e4757798ec06', 'https://vieon.vn/bang-chung-thep-3-long-tieng.html', 30000, 'Sub kĩ vào không không trả tiền', '2021-07-08 16:11:40', 'Công khai'),
(9, 'Penthouse (phần 1)', 34, 'Tiếng Hàn', 'Phim', 'https://static.vieon.vn/vieplay-image/poster_v4/2021/04/14/ri213cjo_660x946-penthousecuocchienthuongluu-docquyen.jpg', 'https://www.fullphimz.net/p/penthouse-cuoc-chien-thuong-luu-tap-1-r2', 50000, 'Sub kĩ vào không không trả tiền', '2021-07-08 16:11:40', 'Công khai'),
(10, 'Penthouse (phần 2)', 5, 'Tiếng Hàn', 'Phim', 'https://kenh14cdn.com/thumb_w/660/2020/10/28/ezgif-7-6582dc1f919f-16038795519621634041708.jpg', 'https://www.fullphimz.net/p/penthouse-cuoc-chien-thuong-luu-tap-1-r2', 50000, 'Sub kĩ vào không không trả tiền', '2021-07-08 16:11:41', 'Công khai'),
(11, 'Penthouse (phần 3)', 31, 'Tiếng Hàn', 'Phim', 'https://upload.wikimedia.org/wikipedia/vi/9/9e/Cu%E1%BB%99c_chi%E1%BA%BFn_th%C6%B0%E1%BB%A3ng_l%C6%B0u.jpg', 'https://www.fullphimz.net/p/penthouse-cuoc-chien-thuong-luu-tap-1-r2', 50000, 'Sub kĩ vào không không trả tiền', '2021-07-08 16:11:41', 'Công khai'),
(12, 'Kẻ hủy diệt', 27, 'Tiếng Anh', 'Phim', 'https://www.google.com/search?q=k%E1%BA%BB+h%E1%BB%A7y+di%E1%BB%87t+3&bih=657&biw=1366&rlz=1C1CHBF_enVN935VN935&hl=en&sxsrf=ALeKk02sdhbDOl4Rrka6JVGeIXs88KiuQA:1625628545046&tbm=isch&source=iu&ictx=1&fir=AotSxbM6tAhWfM%252CHpjxrepRvwu7bM%252C%252Fm%252F01gwk3&vet=1&usg=AI4_-kSJxfA_9lSINyiuneq2kb33yn7xrA&sa=X&ved=2ahUKEwiy89qfgtDxAhVSeX0KHTRkAEAQ_B16BAgvEAE#imgrc=AotSxbM6tAhWfM', 'https://www.google.com/search?q=k%E1%BA%BB+h%E1%BB%A7y+di%E1%BB%87t+3&bih=657&biw=1366&rlz=1C1CHBF_enVN935VN935&hl=en&sxsrf=ALeKk02sdhbDOl4Rrka6JVGeIXs88KiuQA:1625628545046&tbm=isch&source=iu&ictx=1&fir=AotSxbM6tAhWfM%252CHpjxrepRvwu7bM%252C%252Fm%252F01gwk3&vet=1&usg=AI4_-kSJxfA_9lSINyiuneq2kb33yn7xrA&sa=X&ved=2ahUKEwiy89qfgtDxAhVSeX0KHTRkAEAQ_B16BAgvEAE#imgrc=AotSxbM6tAhWfM', 40000, 'Sub kĩ vào không không trả tiền', '2021-07-08 16:11:41', 'Công khai'),
(13, 'Running man', 4, 'Tiếng Hàn', 'Game Show', 'https://media.voocdn.com/media/image/id/5e781b64acc399b9af8b45d3_480x', 'https://dongphym.co/movie/running-man-han-quoc-thu-thach-than-tuong-running-man-vietsub-6bc3100e_fj4uKQ96.html', 40000, 'Sub kĩ vào không không trả tiền', '2021-07-08 16:11:41', 'Công khai'),
(14, 'Bác sĩ ma cà rồng', 49, 'Tiếng Hàn', 'Phim', 'https://bloganchoi.com/wp-content/uploads/2016/06/bac-si-ma-ca-rong-blood-10.jpg', 'http://xemphimhay247.com/xem-phim/bac-si-ma-ca-rong-bac-si-khat-mau-2015-tap-1.html', 30000, 'Sub kĩ vào không không trả tiền', '2021-07-08 16:11:41', 'Công khai'),
(15, 'Cao thủ học đường', 27, 'Tiếng Hàn', 'Phim', 'https://afamilycdn.com/Images/Uploaded/Share/2010/12/05/study4.jpg', 'http://biphimz.tv/phim-cao-thu-hoc-duong/3863.html', 30000, 'Sub kĩ vào không không trả tiền', '2021-07-08 16:11:41', 'Công khai'),
(16, 'Những nàng công chúa nổi tiếng', 16, 'Tiếng Hàn', 'Phim', 'https://vcdn-giaitri.vnecdn.net/2016/11/06/jhy2001-244751-3-513552-8532-1478407620.jpg', 'https://dongphym.co/en/movie/-nhung-nang-cong-chua-noi-tieng-famous-chil-princesses-2006_orp6qQRF.html', 30000, 'Sub kĩ vào không không trả tiền', '2021-07-08 16:11:41', 'Công khai'),
(17, 'Thiếu lâm tàng kinh các', 53, 'Tiếng Trung', 'Phim', 'https://images.vkool.tv/vkoolsnap/upload/movies/0M7EP30.jpg', 'https://hplus.com.vn/xem-phim-thieu-lam-tang-kinh-cac-98740.html', 40000, 'Sub kĩ vào không không trả tiền', '2021-07-08 16:11:41', 'Công khai'),
(18, 'Anh hùng xạ điêu', 32, 'Tiếng Trung', 'Phim', 'https://upload.wikimedia.org/wikipedia/vi/d/d8/The_Legend_of_the_Condor_Heroes_%282008_TV_series%29.jpg', 'https://www.youtube.com/watch?v=PuKgip_A40c', 40000, 'Sub kĩ vào không không trả tiền', '2021-07-08 16:11:41', 'Công khai'),
(19, 'Huyền thoại biển xanh', 39, 'Tiếng Hàn', 'Phim', 'https://upload.wikimedia.org/wikipedia/vi/6/69/Legend_of_the_Blue_Sea_Poster.jpg', 'https://vieon.vn/huyen-thoai-bien-xanh.html', 30000, 'Sub kĩ vào không không trả tiền', '2021-07-08 16:11:41', 'Công khai'),
(20, 'Vì sao đưa anh tới', 26, 'Tiếng Hàn', 'Phim', 'https://vcdn1-giaitri.vnecdn.net/2014/10/31/visao-6472-1414751775.jpg?w=0&h=0&q=100&dpr=2&fit=crop&s=Vd2bTJwt_0zoAP8dlpfyMA', 'https://phephims.net/phim/vi-sao-dua-anh-toi-427/tap-1-7460.html', 30000, 'Sub kĩ vào không không trả tiền', '2021-07-08 16:11:41', 'Công khai'),
(21, 'School 2015', 17, 'Tiếng Hàn', 'Phim', 'https://ginevapham.files.wordpress.com/2015/06/school-2015.jpg', 'https://dongphym.co/movie/hoc-duong-2015-school-2015_bXt7Bwk3.html', 30000, 'Sub kĩ vào không không trả tiền', '2021-07-08 16:11:41', 'Công khai'),
(22, 'Hàng rào tình yêu', 47, 'Tiếng Thái', 'Phim', 'https://i.ytimg.com/vi/Cc3bDBp-qb4/hqdefault.jpg', 'http://hdvip.net/phim-hang-rao-tinh-yeu/2033.html', 30000, 'Sub kĩ vào không không trả tiền', '2021-07-08 16:11:41', 'Công khai'),
(23, 'Pháp võng truy kích', 17, 'Tiếng Trung', 'Phim', 'https://hstatic.net/940/1000059940/1/2016/8-18/phap_vong_truy_kich_master.jpg', 'https://vphimmoi.com/phim/p-v-phap-vong-truy-kich-i4/', 30000, 'Sub kĩ vào không không trả tiền', '2021-07-08 16:11:41', 'Công khai'),
(24, 'Ảo mộng', 52, 'Tiếng Thái', 'Phim', 'https://lh3.googleusercontent.com/proxy/fMqtWPkZARvedWbiZaLB7fA68GTQfcH9BxDwe29NCsqLUAieS4r6MM8Wh1Wz3LQ9pTYnYjoZOXozhTKN7eRanCrT0eJxcoc951TxKOvEldizDz0fvE2LlTGJ', 'https://subnhanhtv.net/phim/ao-mong/', 30000, 'Sub kĩ vào không không trả tiền', '2021-07-08 16:11:41', 'Công khai'),
(25, 'Thay tim đổi phận', 18, 'Tiếng Thái', 'Phim', 'https://i.ytimg.com/vi/3CMwfZEClVA/maxresdefault.jpg', 'https://dongphym.co/en/movie/thay-tim-doi-phan-nai-leh-sanaeha-2017_w3u7RAHK.html', 30000, 'Sub kĩ vào không không trả tiền', '2021-07-08 16:11:41', 'Công khai'),
(26, 'Miễn bầu trời còn có mặt trời', 22, 'Tiếng Thái', 'Phim', 'https://banhtroinuocbualoy.files.wordpress.com/2020/02/mienbautroi.png', 'https://luotphim.tv/phim-bo/mien-bau-troi-con-co-mat-troi/', 30000, 'Sub kĩ vào không không trả tiền', '2021-07-08 16:11:41', 'Công khai'),
(27, 'Mặt trăng ôm mặt trời', 45, 'Tiếng Hàn', 'Phim', 'https://static.vieon.vn/vieplay-image/poster_v4/2020/12/28/7a5f77yp_660x946-mattrangommattroi.jpg', 'https://vieon.vn/mat-trang-om-mat-troi.html', 30000, 'Sub kĩ vào không không trả tiền', '2021-07-08 16:11:41', 'Công khai'),
(28, 'The Boss Baby: Family Business', 48, 'Tiếng Anh', 'Phim', 'https://i.jeded.com/i/the-boss-baby-family-business.154-214862.jpg', 'https://www.imdb.com/title/tt6932874/', 60000, 'Sub kĩ vào không không trả tiền', '2021-07-08 16:11:41', 'Công khai'),
(29, 'Oscar (1967)', 16, 'Tiếng Việt', 'Phim', 'https://img.yts.mx/assets/images/movies/oscar_1967/large-cover.jpg', 'https://www.imdb.com/title/tt0062083/', 30000, 'Sub kĩ vào không không trả tiền', '2021-07-08 16:11:41', 'Công khai');

-- --------------------------------------------------------

--
-- Table structure for table `share`
--

DROP TABLE IF EXISTS `share`;
CREATE TABLE IF NOT EXISTS `share` (
  `shId` int(11) NOT NULL AUTO_INCREMENT,
  `reId` int(11) DEFAULT NULL,
  `pName` varchar(60) COLLATE utf8_unicode_ci NOT NULL,
  `cuId` int(11) NOT NULL,
  `pLanguage` varchar(30) COLLATE utf8_unicode_ci NOT NULL,
  `category` varchar(30) COLLATE utf8_unicode_ci NOT NULL,
  `imagesLink` varchar(400) COLLATE utf8_unicode_ci NOT NULL,
  `subLink` varchar(400) COLLATE utf8_unicode_ci NOT NULL,
  `videoLink` varchar(400) COLLATE utf8_unicode_ci NOT NULL,
  `tShare` datetime NOT NULL DEFAULT CURRENT_TIMESTAMP,
  `rate` float DEFAULT '0',
  `pPrivate` varchar(30) COLLATE utf8_unicode_ci NOT NULL DEFAULT 'Công khai',
  PRIMARY KEY (`shId`),
  KEY `QH2` (`cuId`)
) ENGINE=InnoDB AUTO_INCREMENT=69 DEFAULT CHARSET=utf8 COLLATE=utf8_unicode_ci;

--
-- Dumping data for table `share`
--

INSERT INTO `share` (`shId`, `reId`, `pName`, `cuId`, `pLanguage`, `category`, `imagesLink`, `subLink`, `videoLink`, `tShare`, `rate`, `pPrivate`) VALUES
(1, 21, 'Trần Tình Lệnh', 47, 'Tiếng Trung', 'Phim', 'https://upload.wikimedia.org/wikipedia/vi/3/31/Theuntamed.jpg', 'https://drive.google.com/file/d/1xncZws0KO-D4m99D0s4dn81hF7HPvrqr/view?usp=sharing', 'https://www.fullphimz.net/p/tran-tinh-lenh-tap-31', '2021-07-08 16:23:50', 0, 'Công khai'),
(2, 1, 'Hữu Phỉ', 19, 'Tiếng Trung', 'Phim', 'https://afamilycdn.com/150157425591193600/2020/12/16/1311565293469890573128842867579205200882043o-1608082213721134348388.jpg', 'https://drive.google.com/file/d/1xncZws0KO-D4m99D0s4dn81hF7HPvrqr/view?usp=sharing', 'https://dongphym.co/movie/tap-38-huu-phi-legend-of-fei-662b1ed2_aTe9HQHP.html', '2021-07-08 16:23:50', 0, 'Công khai'),
(3, 1, 'Mây họa ánh trăng', 31, 'Tiếng Hàn', 'Phim', 'https://www.google.com/search?q=m%C3%A2y+h%E1%BB%8Da+%C3%A1nh+tr%C4%83ng&sa=X&bih=657&biw=1366&rlz=1C1CHBF_enVN935VN935&hl=en&sxsrf=ALeKk03qwnEcgawiP2DddlnVY5qZPyV97A:1625628332203&tbm=isch&source=iu&ictx=1&fir=YTGwJ11T4fpsvM%252CrTlziYD3NUlqDM%252C_&vet=1&usg=AI4_-kTWsM72tFeUo5a8Y9rsNU--oV-A2Q&ved=2ahUKEwid9pu6gdDxAhWYeX0KHYRyDRgQ_h16BAgZEAE#imgrc=YTGwJ11T4fpsvM', 'https://drive.google.com/file/d/1xncZws0KO-D4m99D0s4dn81hF7HPvrqr/view?usp=sharing', 'https://www.google.com/search?q=m%C3%A2y+h%E1%BB%8Da+%C3%A1nh+tr%C4%83ng&sa=X&bih=657&biw=1366&rlz=1C1CHBF_enVN935VN935&hl=en&sxsrf=ALeKk03qwnEcgawiP2DddlnVY5qZPyV97A:1625628332203&tbm=isch&source=iu&ictx=1&fir=YTGwJ11T4fpsvM%252CrTlziYD3NUlqDM%252C_&vet=1&usg=AI4_-kTWsM72tFeUo5a8Y9rsNU--oV-A2Q&ved=2ahUKEwid9pu6gdDxAhWYeX0KHYRyDRgQ_h16BAgZEAE#imgrc=YTGwJ11T4fpsvM', '2021-07-08 16:23:50', 0, 'Công khai'),
(4, 16, 'Hậu duệ mặt trời', 51, 'Tiếng Hàn', 'Phim', 'https://www.google.com/search?q=h%E1%BA%ADu+du%E1%BB%87+m%E1%BA%B7t+tr%E1%BB%9Di&bih=657&biw=1366&rlz=1C1CHBF_enVN935VN935&hl=en&sxsrf=ALeKk02BDaKLnmMEysKPh2uuO0MZTXoadQ:1625628351365&tbm=isch&source=iu&ictx=1&fir=ZibaYU-BxKk2bM%252CGsoWD6EZgXctqM%252C%252Fg%252F11b6hx02jn&vet=1&usg=AI4_-kQWCOMsrJ-FTkFHFaAcakLwMvQArw&sa=X&ved=2ahUKEwjSsa3DgdDxAhWDWX0KHQIpCIEQ_B16BAgpEAE#imgrc=ZibaYU-BxKk2bM', 'https://drive.google.com/file/d/1xncZws0KO-D4m99D0s4dn81hF7HPvrqr/view?usp=sharing', 'https://www.google.com/search?q=h%E1%BA%ADu+du%E1%BB%87+m%E1%BA%B7t+tr%E1%BB%9Di&bih=657&biw=1366&rlz=1C1CHBF_enVN935VN935&hl=en&sxsrf=ALeKk02BDaKLnmMEysKPh2uuO0MZTXoadQ:1625628351365&tbm=isch&source=iu&ictx=1&fir=ZibaYU-BxKk2bM%252CGsoWD6EZgXctqM%252C%252Fg%252F11b6hx02jn&vet=1&usg=AI4_-kQWCOMsrJ-FTkFHFaAcakLwMvQArw&sa=X&ved=2ahUKEwjSsa3DgdDxAhWDWX0KHQIpCIEQ_B16BAgpEAE#imgrc=ZibaYU-BxKk2bM', '2021-07-08 16:23:50', 0, 'Công khai'),
(5, 22, 'Bạn gái tôi là hồ ly ', 12, 'Tiếng Hàn', 'Phim', 'https://www.google.com/search?q=b%E1%BA%A1n+g%C3%A1i+t%C3%B4i+l%C3%A0+h%E1%BB%93+ly&bih=657&biw=1366&rlz=1C1CHBF_enVN935VN935&hl=en&sxsrf=ALeKk01w7T_8lbq99xfrZ_n-S64CEVzkww:1625628430926&tbm=isch&source=iu&ictx=1&fir=mYaKMViK8im4FM%252CEnM-sEQSDPBlIM%252C%252Fm%252F0crd9rd&vet=1&usg=AI4_-kRMXkvVn11Pt5ZFYYVdPRRTuhuMiQ&sa=X&ved=2ahUKEwiMv6XpgdDxAhXaT30KHV4DBygQ_B16BAgoEAE#imgrc=mYaKMViK8im4FM', 'https://drive.google.com/file/d/1xncZws0KO-D4m99D0s4dn81hF7HPvrqr/view?usp=sharing', 'https://www.google.com/search?q=b%E1%BA%A1n+g%C3%A1i+t%C3%B4i+l%C3%A0+h%E1%BB%93+ly&bih=657&biw=1366&rlz=1C1CHBF_enVN935VN935&hl=en&sxsrf=ALeKk01w7T_8lbq99xfrZ_n-S64CEVzkww:1625628430926&tbm=isch&source=iu&ictx=1&fir=mYaKMViK8im4FM%252CEnM-sEQSDPBlIM%252C%252Fm%252F0crd9rd&vet=1&usg=AI4_-kRMXkvVn11Pt5ZFYYVdPRRTuhuMiQ&sa=X&ved=2ahUKEwiMv6XpgdDxAhXaT30KHV4DBygQ_B16BAgoEAE#imgrc=mYaKMViK8im4FM', '2021-07-08 16:23:50', 0, 'Công khai'),
(6, 4, 'Bằng chứng thép I', 30, 'Tiếng Trung', 'Phim', 'https://upload.wikimedia.org/wikipedia/vi/a/a9/BangchungthepI.jpg', 'https://drive.google.com/file/d/1xncZws0KO-D4m99D0s4dn81hF7HPvrqr/view?usp=sharing', 'https://phimmoi123.com/phim/1395-bang-chung-thep-1', '2021-07-08 16:23:50', 0, 'Công khai'),
(7, 28, 'Bằng chứng thép II', 50, 'Tiếng Trung', 'Phim', 'https://i.ytimg.com/vi/3RXgIP4QjAI/maxresdefault.jpg', 'https://drive.google.com/file/d/1xncZws0KO-D4m99D0s4dn81hF7HPvrqr/view?usp=sharing', 'https://vphimmoi.com/phim/bang-chung-thep-phan-2-x2/', '2021-07-08 16:23:50', 0, 'Công khai'),
(8, 4, 'Bằng chứng thép III', 6, 'Tiếng Trung', 'Phim', 'https://cf.shopee.vn/file/d6d347558fbffc99cb72e4757798ec06', 'https://drive.google.com/file/d/1xncZws0KO-D4m99D0s4dn81hF7HPvrqr/view?usp=sharing', 'https://vieon.vn/bang-chung-thep-3-long-tieng.html', '2021-07-08 16:23:50', 0, 'Công khai'),
(9, 7, 'Penthouse (phần 1)', 3, 'Tiếng Hàn', 'Phim', 'https://static.vieon.vn/vieplay-image/poster_v4/2021/04/14/ri213cjo_660x946-penthousecuocchienthuongluu-docquyen.jpg', 'https://drive.google.com/file/d/1xncZws0KO-D4m99D0s4dn81hF7HPvrqr/view?usp=sharing', 'https://www.fullphimz.net/p/penthouse-cuoc-chien-thuong-luu-tap-1-r2', '2021-07-08 16:23:50', 0, 'Công khai'),
(10, 24, 'Penthouse (phần 2)', 47, 'Tiếng Hàn', 'Phim', 'https://kenh14cdn.com/thumb_w/660/2020/10/28/ezgif-7-6582dc1f919f-16038795519621634041708.jpg', 'https://drive.google.com/file/d/1xncZws0KO-D4m99D0s4dn81hF7HPvrqr/view?usp=sharing', 'https://www.fullphimz.net/p/penthouse-cuoc-chien-thuong-luu-tap-1-r2', '2021-07-08 16:23:50', 0, 'Công khai'),
(11, 7, 'Penthouse (phần 3)', 44, 'Tiếng Hàn', 'Phim', 'https://upload.wikimedia.org/wikipedia/vi/9/9e/Cu%E1%BB%99c_chi%E1%BA%BFn_th%C6%B0%E1%BB%A3ng_l%C6%B0u.jpg', 'https://drive.google.com/file/d/1xncZws0KO-D4m99D0s4dn81hF7HPvrqr/view?usp=sharing', 'https://www.fullphimz.net/p/penthouse-cuoc-chien-thuong-luu-tap-1-r2', '2021-07-08 16:23:50', 0, 'Công khai'),
(12, 10, 'Kẻ hủy diệt', 52, 'Tiếng Anh', 'Phim', 'https://www.google.com/search?q=k%E1%BA%BB+h%E1%BB%A7y+di%E1%BB%87t+3&bih=657&biw=1366&rlz=1C1CHBF_enVN935VN935&hl=en&sxsrf=ALeKk02sdhbDOl4Rrka6JVGeIXs88KiuQA:1625628545046&tbm=isch&source=iu&ictx=1&fir=AotSxbM6tAhWfM%252CHpjxrepRvwu7bM%252C%252Fm%252F01gwk3&vet=1&usg=AI4_-kSJxfA_9lSINyiuneq2kb33yn7xrA&sa=X&ved=2ahUKEwiy89qfgtDxAhVSeX0KHTRkAEAQ_B16BAgvEAE#imgrc=AotSxbM6tAhWfM', 'https://drive.google.com/file/d/1xncZws0KO-D4m99D0s4dn81hF7HPvrqr/view?usp=sharing', 'https://www.google.com/search?q=k%E1%BA%BB+h%E1%BB%A7y+di%E1%BB%87t+3&bih=657&biw=1366&rlz=1C1CHBF_enVN935VN935&hl=en&sxsrf=ALeKk02sdhbDOl4Rrka6JVGeIXs88KiuQA:1625628545046&tbm=isch&source=iu&ictx=1&fir=AotSxbM6tAhWfM%252CHpjxrepRvwu7bM%252C%252Fm%252F01gwk3&vet=1&usg=AI4_-kSJxfA_9lSINyiuneq2kb33yn7xrA&sa=X&ved=2ahUKEwiy89qfgtDxAhVSeX0KHTRkAEAQ_B16BAgvEAE#imgrc=AotSxbM6tAhWfM', '2021-07-08 16:23:50', 0, 'Công khai'),
(13, 17, 'Running man', 42, 'Tiếng Hàn', 'Phim', 'https://media.voocdn.com/media/image/id/5e781b64acc399b9af8b45d3_480x', 'https://drive.google.com/file/d/1xncZws0KO-D4m99D0s4dn81hF7HPvrqr/view?usp=sharing', 'https://dongphym.co/movie/running-man-han-quoc-thu-thach-than-tuong-running-man-vietsub-6bc3100e_fj4uKQ96.html', '2021-07-08 16:23:50', 0, 'Công khai'),
(14, 11, 'Bác sĩ ma cà rồng', 9, 'Tiếng Hàn', 'Phim', 'https://bloganchoi.com/wp-content/uploads/2016/06/bac-si-ma-ca-rong-blood-10.jpg', 'https://drive.google.com/file/d/1xncZws0KO-D4m99D0s4dn81hF7HPvrqr/view?usp=sharing', 'http://xemphimhay247.com/xem-phim/bac-si-ma-ca-rong-bac-si-khat-mau-2015-tap-1.html', '2021-07-08 16:23:50', 0, 'Công khai'),
(15, 16, 'Cao thủ học đường', 34, 'Tiếng Hàn', 'Phim', 'https://afamilycdn.com/Images/Uploaded/Share/2010/12/05/study4.jpg', 'https://drive.google.com/file/d/1xncZws0KO-D4m99D0s4dn81hF7HPvrqr/view?usp=sharing', 'http://biphimz.tv/phim-cao-thu-hoc-duong/3863.html', '2021-07-08 16:23:50', 0, 'Công khai'),
(16, 25, 'Những nàng công chúa nổi tiếng', 9, 'Tiếng Hàn', 'Phim', 'https://vcdn-giaitri.vnecdn.net/2016/11/06/jhy2001-244751-3-513552-8532-1478407620.jpg', 'https://drive.google.com/file/d/1xncZws0KO-D4m99D0s4dn81hF7HPvrqr/view?usp=sharing', 'https://dongphym.co/en/movie/-nhung-nang-cong-chua-noi-tieng-famous-chil-princesses-2006_orp6qQRF.html', '2021-07-08 16:23:50', 0, 'Công khai'),
(17, 11, 'Thiếu lâm tàng kinh các', 5, 'Tiếng Trung', 'Phim', 'https://images.vkool.tv/vkoolsnap/upload/movies/0M7EP30.jpg', 'https://drive.google.com/file/d/1xncZws0KO-D4m99D0s4dn81hF7HPvrqr/view?usp=sharing', 'https://hplus.com.vn/xem-phim-thieu-lam-tang-kinh-cac-98740.html', '2021-07-08 16:23:50', 0, 'Công khai'),
(18, 4, 'Anh hùng xạ điêu', 4, 'Tiếng Trung', 'Phim', 'https://upload.wikimedia.org/wikipedia/vi/d/d8/The_Legend_of_the_Condor_Heroes_%282008_TV_series%29.jpg', 'https://drive.google.com/file/d/1xncZws0KO-D4m99D0s4dn81hF7HPvrqr/view?usp=sharing', 'https://www.youtube.com/watch?v=PuKgip_A40c', '2021-07-08 16:23:50', 0, 'Công khai'),
(19, 17, 'Huyền thoại biển xanh', 6, 'Tiếng Hàn', 'Phim', 'https://upload.wikimedia.org/wikipedia/vi/6/69/Legend_of_the_Blue_Sea_Poster.jpg', 'https://drive.google.com/file/d/1xncZws0KO-D4m99D0s4dn81hF7HPvrqr/view?usp=sharing', 'https://vieon.vn/huyen-thoai-bien-xanh.html', '2021-07-08 16:23:50', 0, 'Công khai'),
(20, 27, 'Vì sao đưa anh tới', 38, 'Tiếng Hàn', 'Phim', 'https://vcdn1-giaitri.vnecdn.net/2014/10/31/visao-6472-1414751775.jpg?w=0&h=0&q=100&dpr=2&fit=crop&s=Vd2bTJwt_0zoAP8dlpfyMA', 'https://drive.google.com/file/d/1xncZws0KO-D4m99D0s4dn81hF7HPvrqr/view?usp=sharing', 'https://phephims.net/phim/vi-sao-dua-anh-toi-427/tap-1-7460.html', '2021-07-08 16:23:50', 0, 'Công khai'),
(21, 18, 'School 2015', 37, 'Tiếng Hàn', 'Phim', 'https://ginevapham.files.wordpress.com/2015/06/school-2015.jpg', 'https://drive.google.com/file/d/1xncZws0KO-D4m99D0s4dn81hF7HPvrqr/view?usp=sharing', 'https://dongphym.co/movie/hoc-duong-2015-school-2015_bXt7Bwk3.html', '2021-07-08 16:23:50', 0, 'Công khai'),
(22, 15, 'Người ấy là ai', 3, 'Tiếng Việt', 'Game show', 'https://scontent.fsgn8-1.fna.fbcdn.net/v/t1.6435-9/67518136_2397097327233787_5607422302800052224_n.jpg?_nc_cat=109&ccb=1-3&_nc_sid=730e14&_nc_ohc=081mXzipdIAAX91jxXM&_nc_ht=scontent.fsgn8-1.fna&oh=5575eb7fb323ced9e0080d5abc09418f&oe=60EADCF4', 'https://drive.google.com/file/d/1xncZws0KO-D4m99D0s4dn81hF7HPvrqr/view?usp=sharing', 'https://youtu.be/d3Pp2gCW7q4', '2021-07-08 16:23:50', 0, 'Công khai'),
(23, 15, 'Siêu trí tuệ', 55, 'Tiếng Việt', 'Game show', 'https://i.ytimg.com/vi/vnwK7j_XrLw/maxresdefault.jpg', 'https://drive.google.com/file/d/1xncZws0KO-D4m99D0s4dn81hF7HPvrqr/view?usp=sharing', 'https://youtu.be/vnwK7j_XrLw', '2021-07-08 16:23:50', 0, 'Công khai'),
(24, 24, 'Giọng ải giọng ai', 42, 'Tiếng Việt', 'Game show', 'https://img.hplus.com.vn/728x409/banner/2019/08/06/664094-giong_ai_giong_ai_banner.jpg', 'https://drive.google.com/file/d/1xncZws0KO-D4m99D0s4dn81hF7HPvrqr/view?usp=sharing', 'Xem Show Giọng Ải Giọng Ai Mùa 4 HD Online (hplus.com.vn)', '2021-07-08 16:23:50', 0, 'Công khai'),
(25, 10, 'Nhanh như chớp', 21, 'Tiếng Việt', 'Game show', 'https://i.ytimg.com/vi/7cPnCuWxQUI/maxresdefault.jpg', 'https://drive.google.com/file/d/1xncZws0KO-D4m99D0s4dn81hF7HPvrqr/view?usp=sharing', 'https://youtu.be/7cPnCuWxQUI', '2021-07-08 16:23:50', 0, 'Công khai'),
(26, 27, 'The voice UK', 6, 'Tiếng Anh', 'Game show', 'https://i.ytimg.com/vi/hzBzgWj5EV8/maxresdefault.jpg', 'https://drive.google.com/file/d/1xncZws0KO-D4m99D0s4dn81hF7HPvrqr/view?usp=sharing', 'https://youtu.be/hzBzgWj5EV8', '2021-07-08 16:23:50', 0, 'Công khai'),
(27, 7, 'Rap Việt', 12, 'Tiếng Việt', 'Game show', 'https://i.ytimg.com/vi/CulBRA4HFgk/maxresdefault.jpg', 'https://drive.google.com/file/d/1xncZws0KO-D4m99D0s4dn81hF7HPvrqr/view?usp=sharing', 'https://youtu.be/CulBRA4HFgk', '2021-07-08 16:23:50', 0, 'Công khai'),
(28, 24, 'The King of Rap', 13, 'Tiếng Việt', 'Game show', 'https://i.ytimg.com/vi/qf669rs8G4Q/maxresdefault.jpg', 'https://drive.google.com/file/d/1xncZws0KO-D4m99D0s4dn81hF7HPvrqr/view?usp=sharing', 'https://youtu.be/qf669rs8G4Q', '2021-07-08 16:23:50', 0, 'Công khai'),
(29, 1, 'Chị gái tài giỏi', 12, 'Tiếng Trung', 'Game show', 'https://i.ytimg.com/vi/-1R6btqO3Tk/maxresdefault.jpg', 'https://drive.google.com/file/d/1xncZws0KO-D4m99D0s4dn81hF7HPvrqr/view?usp=sharing', 'https://youtu.be/-1R6btqO3Tk', '2021-07-08 16:23:50', 0, 'Công khai'),
(30, 2, 'Vương bài đối vương bài', 33, 'Tiếng Trung', 'Game show', 'https://i.ytimg.com/vi/nNv4s9Mv71U/sddefault.jpg', 'https://drive.google.com/file/d/1xncZws0KO-D4m99D0s4dn81hF7HPvrqr/view?usp=sharing', 'https://youtu.be/nNv4s9Mv71U', '2021-07-08 16:23:50', 0, 'Công khai'),
(31, 5, 'Ghép đôi thần tốc', 40, 'Tiếng Việt', 'Game show', 'https://i.ytimg.com/vi/BFD7Fz9G6Ts/maxresdefault.jpg', 'https://drive.google.com/file/d/1xncZws0KO-D4m99D0s4dn81hF7HPvrqr/view?usp=sharing', 'https://youtu.be/BFD7Fz9G6Ts', '2021-07-08 16:23:50', 0, 'Công khai'),
(32, 5, 'Chọn ai đây?', 26, 'Tiếng Việt', 'Game show', 'https://i.ytimg.com/vi/tFitzAwd1tU/maxresdefault.jpg', 'https://drive.google.com/file/d/1xncZws0KO-D4m99D0s4dn81hF7HPvrqr/view?usp=sharing', 'https://www.youtube.com/watch?v=X6y8_y3rosE', '2021-07-08 16:23:50', 0, 'Công khai'),
(33, 10, 'Thử thách đường phố', 48, 'Tiếng Việt', 'Game show', 'https://video-thumbs.mediacdn.vn/vtv/1wspafjvpcm2t5emagq9roxedfhkdz/2015/01/17/17012015-thu-thach-duong-pho-1421495160388-2720b_thumb3.jpg', 'https://drive.google.com/file/d/1xncZws0KO-D4m99D0s4dn81hF7HPvrqr/view?usp=sharing', 'https://www.youtube.com/watch?v=7n1DfDz_rPU', '2021-07-08 16:23:50', 0, 'Công khai'),
(34, 22, 'Giọng hát Việt 2012', 48, 'Tiếng Việt', 'Game show', 'https://assets-vtvcab.gviet.vn/images/hq/posters/the-voice-2012-tap-1-tv2t1144581.jpg', 'https://drive.google.com/file/d/1xncZws0KO-D4m99D0s4dn81hF7HPvrqr/view?usp=sharing', 'https://www.youtube.com/watch?v=H-pUOlknFl0', '2021-07-08 16:23:50', 0, 'Công khai'),
(35, 12, 'Street dance of China', 39, 'Tiếng Trung', 'Game show', 'https://i.ytimg.com/vi/iunJHOkbQYM/sddefault.jpg', 'https://drive.google.com/file/d/1xncZws0KO-D4m99D0s4dn81hF7HPvrqr/view?usp=sharing', 'https://www.youtube.com/watch?v=8asLIM2GPUE', '2021-07-08 16:23:50', 0, 'Công khai'),
(36, 28, 'Sáng tạo doanh', 31, 'Tiếng Trung', 'Game show', 'https://afamilycdn.com/150157425591193600/2021/4/21/screen-shot-2021-04-21-at-104100-pm-1619020907787144741701.png', 'https://drive.google.com/file/d/1xncZws0KO-D4m99D0s4dn81hF7HPvrqr/view?usp=sharing', 'https://www.youtube.com/watch?v=mJFmEwRW2Po', '2021-07-08 16:23:50', 0, 'Công khai'),
(37, 18, 'Thiên thiên hướng thượng - ngày ngày tiến lên', 10, 'Tiếng Trung', 'Game show', 'https://i.ytimg.com/vi/Ncy4imy98CE/maxresdefault.jpg', 'https://drive.google.com/file/d/1xncZws0KO-D4m99D0s4dn81hF7HPvrqr/view?usp=sharing', 'https://www.youtube.com/watch?v=JGdMsfA_vf0', '2021-07-08 16:23:50', 0, 'Công khai'),
(38, 9, 'Ấu trùng tinh nghịch', 10, 'Tiếng Hàn', 'Clip ngắn', 'https://i.ytimg.com/vi/_GWnNdM61_0/maxresdefault.jpg', 'https://drive.google.com/file/d/1xncZws0KO-D4m99D0s4dn81hF7HPvrqr/view?usp=sharing', 'https://www.youtube.com/watch?v=kxZN82xEupU', '2021-07-08 16:23:50', 0, 'Công khai'),
(39, 13, '13 cuốn sách hay giúp sống khỏe và đẹp hơn mỗi ngày', 15, 'Tiếng Việt', 'Clip ngắn', 'https://yt3.ggpht.com/m2aDa4eJ7cZwd2InVcwx7d197rEjO4P59WeW8LnDCAvjZy9PNtZLekmKFrTsu78WuzMhDVdy0w=s900-c-k-c0x00ffffff-no-rj', 'https://drive.google.com/file/d/1xncZws0KO-D4m99D0s4dn81hF7HPvrqr/view?usp=sharing', 'https://youtu.be/1jMpgiUvyHk', '2021-07-08 16:23:50', 0, 'Công khai'),
(40, 7, 'Thích em hơi nhiều - beat karaoke', 9, 'Tiếng Việt', 'Clip ngắn', 'https://i.ytimg.com/vi/kGkbiazHsDA/maxresdefault.jpg', 'https://drive.google.com/file/d/1xncZws0KO-D4m99D0s4dn81hF7HPvrqr/view?usp=sharing', 'https://youtu.be/kGkbiazHsDA', '2021-07-08 16:23:50', 0, 'Công khai'),
(41, 21, 'Học cùng mình trong 60s', 15, 'Tiếng Hàn', 'Clip ngắn', 'https://i.ytimg.com/vi/vD-B4yBgmqQ/maxresdefault.jpg', 'https://drive.google.com/file/d/1xncZws0KO-D4m99D0s4dn81hF7HPvrqr/view?usp=sharing', 'https://youtu.be/nF1fSKEiyA0', '2021-07-08 16:23:50', 0, 'Công khai'),
(42, 25, 'This is how you fall in love (Live)', 47, 'Tiếng Anh', 'Clip ngắn', 'https://i.ytimg.com/vi/8sBwHcCShug/maxresdefault.jpg', 'https://drive.google.com/file/d/1xncZws0KO-D4m99D0s4dn81hF7HPvrqr/view?usp=sharing', 'https://youtu.be/hL_JUT7sWMc', '2021-07-08 16:23:50', 0, 'Công khai'),
(43, 7, 'Daily Piano Music', 11, 'Tiếng Anh', 'Clip ngắn', 'https://i1.wp.com/i.ytimg.com/vi/7r8pzx_vops/maxresdefault.jpg', 'https://drive.google.com/file/d/1xncZws0KO-D4m99D0s4dn81hF7HPvrqr/view?usp=sharing', 'https://youtu.be/7r8pzx_vops', '2021-07-08 16:23:51', 0, 'Công khai'),
(44, 27, 'Swatch son YSL mới nhất', 53, 'Tiếng Anh', 'Clip ngắn', 'https://product.hstatic.net/200000135107/product/ysl-11_44660caebd604765b98b191315db2d9d_master.jpg', 'https://drive.google.com/file/d/1xncZws0KO-D4m99D0s4dn81hF7HPvrqr/view?usp=sharing', 'https://youtu.be/djghi9jBnMg', '2021-07-08 16:23:51', 0, 'Công khai'),
(45, 28, 'Gặp gỡ một khắc, một đời không xa', 18, 'Tiếng Trung', 'Clip ngắn', 'https://i.ytimg.com/an_webp/JJfREfblSp8/mqdefault_6s.webp?du=3000&sqp=CIbZmocG&rs=AOn4CLAq3sn5BsfbufSI7noXj1AuHLsfSQ', 'https://drive.google.com/file/d/1xncZws0KO-D4m99D0s4dn81hF7HPvrqr/view?usp=sharing', 'https://www.youtube.com/watch?v=JJfREfblSp8', '2021-07-08 16:23:51', 0, 'Công khai'),
(46, 22, 'Trực Lãng - OST Hữu Phỉ - Thượng Văn Tiệp', 52, 'Tiếng Trung', 'Clip ngắn', 'https://i.ytimg.com/vi/NIMtrOpuoaU/hq720.jpg?sqp=-oaymwEcCOgCEMoBSFXyq4qpAw4IARUAAIhCGAFwAcABBg==&rs=AOn4CLC9asv8TOe0P0khvrsU6fkn_820Rw', 'https://drive.google.com/file/d/1xncZws0KO-D4m99D0s4dn81hF7HPvrqr/view?usp=sharing', 'https://www.youtube.com/watch?v=NIMtrOpuoaU', '2021-07-08 16:23:51', 0, 'Công khai'),
(47, 16, 'Hi vi - OST - Piano ver', 24, 'Tiếng Trung', 'Clip ngắn', 'https://i.ytimg.com/vi/6auSZeFce24/hq720.jpg?sqp=-oaymwEcCOgCEMoBSFXyq4qpAw4IARUAAIhCGAFwAcABBg==&rs=AOn4CLACm4hQiiNAG0-V9K3T_frtSmM9lw', 'https://drive.google.com/file/d/1xncZws0KO-D4m99D0s4dn81hF7HPvrqr/view?usp=sharing', 'https://www.youtube.com/watch?v=6auSZeFce24', '2021-07-08 16:23:51', 0, 'Công khai'),
(48, 5, 'Trần Tình Lệnh - Video hậu trường độc quyền', 29, 'Tiếng Trung', 'Clip ngắn', 'https://i.ytimg.com/an_webp/fqhp8pjUTBk/mqdefault_6s.webp?du=3000&sqp=CI7UmocG&rs=AOn4CLC1Lnub0KS71dmUDXfzIW7FQb-3SQ', 'https://drive.google.com/file/d/1xncZws0KO-D4m99D0s4dn81hF7HPvrqr/view?usp=sharing', 'https://www.youtube.com/watch?v=fqhp8pjUTBk', '2021-07-08 16:23:51', 0, 'Công khai'),
(49, 18, 'Clip Minions hài hước', 32, 'Tiếng Anh', 'Clip ngắn', 'https://i.ytimg.com/an_webp/vjPZtfObvEs/mqdefault_6s.webp?du=3000&sqp=CL7dmocG&rs=AOn4CLDuxnD4YDNJiricKV1z3LEH5rWmGQ', 'https://drive.google.com/file/d/1xncZws0KO-D4m99D0s4dn81hF7HPvrqr/view?usp=sharing', 'https://www.youtube.com/watch?v=vjPZtfObvEs', '2021-07-08 16:23:51', 0, 'Công khai'),
(50, 15, 'Học tiếng Anh với người nổi tiếng', 34, 'Tiếng Anh', 'Clip ngắn', 'https://i.ytimg.com/an_webp/5j2CczZJmoY/mqdefault_6s.webp?du=3000&sqp=CMKymocG&rs=AOn4CLBeopwFQZQJKNlN6eVgZff7a2wr5g', 'https://drive.google.com/file/d/1xncZws0KO-D4m99D0s4dn81hF7HPvrqr/view?usp=sharing', 'https://www.youtube.com/watch?v=5j2CczZJmoY', '2021-07-08 16:23:51', 0, 'Công khai'),
(51, 29, 'Baby Shark', 16, 'Tiếng Anh', 'Clip ngắn', 'https://i.ytimg.com/an_webp/XqZsoesa55w/mqdefault_6s.webp?du=3000&sqp=CPTSmocG&rs=AOn4CLA7XyxwbbLWfppq-asf5sy-IrQA3A', 'https://drive.google.com/file/d/1xncZws0KO-D4m99D0s4dn81hF7HPvrqr/view?usp=sharing', 'https://www.youtube.com/watch?v=XqZsoesa55w', '2021-07-08 16:23:51', 0, 'Công khai'),
(52, 22, 'Món ăn ngon cơm cuộn rong biển Hàn Quốc', 24, 'Tiếng Việt', 'Clip ngắn', 'https://i.ytimg.com/an_webp/24PyRO9Eslk/mqdefault_6s.webp?du=3000&sqp=CJHLmocG&rs=AOn4CLDJegVJIEo9_vkrsPjSfJD6oYVPlg', 'https://drive.google.com/file/d/1xncZws0KO-D4m99D0s4dn81hF7HPvrqr/view?usp=sharing', 'https://www.youtube.com/watch?v=24PyRO9Eslk', '2021-07-08 16:23:51', 0, 'Công khai'),
(53, 14, 'Vô Hoa - Trương Lương Dĩnh', 24, 'Tiếng Trung', 'Clip ngắn', 'https://i.ytimg.com/an_webp/EgI7J3T1vzY/mqdefault_6s.webp?du=3000&sqp=CIC0mocG&rs=AOn4CLA1q8pQmuip7gsEPBou6VhKun9rvA', 'https://drive.google.com/file/d/1xncZws0KO-D4m99D0s4dn81hF7HPvrqr/view?usp=sharing', 'https://www.youtube.com/watch?v=EgI7J3T1vzY', '2021-07-08 16:23:51', 0, 'Công khai'),
(54, 6, 'Thanh tâm âm - Khúc Tẩy Hoa - Loạn sáo phách', 1, 'Tiếng Trung', 'Clip ngắn', 'https://i.ytimg.com/vi/x1rWwtbZ140/hq720.jpg?sqp=-oaymwEcCNAFEJQDSFXyq4qpAw4IARUAAIhCGAFwAcABBg==&rs=AOn4CLC2_GQkOyocM2grJw8369H372GnIA', 'https://drive.google.com/file/d/1xncZws0KO-D4m99D0s4dn81hF7HPvrqr/view?usp=sharing', 'https://www.youtube.com/watch?v=x1rWwtbZ140', '2021-07-08 16:23:51', 0, 'Công khai'),
(55, 29, 'Tom & Jerry', 27, 'Tiếng Việt', 'Clip ngắn', 'https://i.ytimg.com/an_webp/w3Wluvzoggg/mqdefault_6s.webp?du=3000&sqp=CLi8mocG&rs=AOn4CLC3tJPJgYDgFhJ6w8v5HwjnpEpbTw', 'https://drive.google.com/file/d/1xncZws0KO-D4m99D0s4dn81hF7HPvrqr/view?usp=sharing', 'https://www.youtube.com/watch?v=w3Wluvzoggg', '2021-07-08 16:23:51', 0, 'Công khai'),
(56, 28, 'Hãy trao cho anh - Sơn Tùng M-TP', 19, 'Tiếng Việt', 'MV', 'https://i.ytimg.com/an_webp/knW7-x7Y7RE/mqdefault_6s.webp?du=3000&sqp=CLPVmocG&rs=AOn4CLBL2swz6wlhdO6TQ38L1LxHc6WFIw', 'https://drive.google.com/file/d/1xncZws0KO-D4m99D0s4dn81hF7HPvrqr/view?usp=sharing', 'https://www.youtube.com/watch?v=knW7-x7Y7RE', '2021-07-08 16:23:51', 0, 'Công khai'),
(57, 25, 'Chạy ngay đi - Sơn Tùng M-TP', 27, 'Tiếng Việt', 'MV', 'https://i.ytimg.com/an_webp/32sYGCOYJUM/mqdefault_6s.webp?du=3000&sqp=CJyvmocG&rs=AOn4CLBc9TCTaAQ536-M2_lm1CNVEh1Spg', 'https://drive.google.com/file/d/1xncZws0KO-D4m99D0s4dn81hF7HPvrqr/view?usp=sharing', 'https://www.youtube.com/watch?v=32sYGCOYJUM', '2021-07-08 16:23:51', 0, 'Công khai'),
(58, 29, 'Hold me for awhile ', 29, 'Tiếng Anh', 'MV', 'https://i.ytimg.com/an_webp/oxwZ8_O7ZFI/mqdefault_6s.webp?du=3000&sqp=CNyvmocG&rs=AOn4CLBLJ9BX90vZ-c1R0_1z5-qvBPNZUQ', 'https://drive.google.com/file/d/1xncZws0KO-D4m99D0s4dn81hF7HPvrqr/view?usp=sharing', 'https://www.youtube.com/watch?v=oxwZ8_O7ZFI', '2021-07-08 16:23:51', 0, 'Công khai'),
(59, 17, 'Broken Angel', 36, 'Tiếng Anh', 'MV', 'https://i.ytimg.com/an_webp/594xkwjof08/mqdefault_6s.webp?du=3000&sqp=CK6lmocG&rs=AOn4CLBaVo8mqPhAY5wBmggsDBeVuwqZvQ', 'https://drive.google.com/file/d/1xncZws0KO-D4m99D0s4dn81hF7HPvrqr/view?usp=sharing', 'https://www.youtube.com/watch?v=594xkwjof08', '2021-07-08 16:23:51', 0, 'Công khai'),
(60, 28, 'Hotaru - Hotarubi No Mori E AMV', 41, 'TIếng Nhật', 'MV', 'https://i.ytimg.com/an_webp/5Y0LhI4pkas/mqdefault_6s.webp?du=3000&sqp=CNzRmocG&rs=AOn4CLBBMSHalnsIVcLsQD2ZGkeJkFpkVg', 'https://drive.google.com/file/d/1xncZws0KO-D4m99D0s4dn81hF7HPvrqr/view?usp=sharing', 'https://www.youtube.com/watch?v=5Y0LhI4pkas', '2021-07-08 16:23:51', 0, 'Công khai'),
(61, 20, 'Haru uta OST', 46, 'Tiếng Nhật', 'MV', 'https://i.ytimg.com/an_webp/nLkz3LoaBw8/mqdefault_6s.webp?du=3000&sqp=CLbKmocG&rs=AOn4CLCs8PDxCdj77rPKmLP1xjiIxUjeQw', 'https://drive.google.com/file/d/1xncZws0KO-D4m99D0s4dn81hF7HPvrqr/view?usp=sharing', 'https://www.youtube.com/watch?v=nLkz3LoaBw8', '2021-07-08 16:23:51', 0, 'Công khai'),
(62, 21, 'Togetsukyo - kimi omou - Mai Kuraki', 22, 'Tiếng Nhật', 'MV', 'https://i.ytimg.com/an_webp/ayUXFFyVVtQ/mqdefault_6s.webp?du=3000&sqp=CNi0mocG&rs=AOn4CLD80MbLHsUAuwzIickGqBYk0t6P5w', 'https://drive.google.com/file/d/1xncZws0KO-D4m99D0s4dn81hF7HPvrqr/view?usp=sharing', 'https://www.youtube.com/watch?v=ayUXFFyVVtQ', '2021-07-08 16:23:51', 0, 'Công khai'),
(63, 28, 'Xích Tử - Vu Bân - OST', 50, 'Tiếng Trung', 'MV', 'https://i.ytimg.com/an_webp/hzoFSzixE1g/mqdefault_6s.webp?du=3000&sqp=CIClmocG&rs=AOn4CLBBBfJYQ01orkukfuouggu6vpreSA', 'https://drive.google.com/file/d/1xncZws0KO-D4m99D0s4dn81hF7HPvrqr/view?usp=sharing', 'https://www.youtube.com/watch?v=wiV7X7w3qqI', '2021-07-08 16:23:51', 0, 'Công khai'),
(64, 25, 'We were in love - T-ARA Davichi', 25, 'Tiếng Hàn', 'MV', 'https://i.ytimg.com/an_webp/nJ31sMmytHU/mqdefault_6s.webp?du=3000&sqp=CJCymocG&rs=AOn4CLC8pgcuZ6cfcbBN5tDZlI7Zi4UBfg', 'https://drive.google.com/file/d/1xncZws0KO-D4m99D0s4dn81hF7HPvrqr/view?usp=sharing', 'https://www.youtube.com/watch?v=nJ31sMmytHU', '2021-07-08 16:23:51', 0, 'Công khai'),
(65, 3, 'Bất vong - Vương Nhất Bác', 30, 'Tiếng Trung', 'MV', 'https://i.ytimg.com/an_webp/xHltomxDEWg/mqdefault_6s.webp?du=3000&sqp=CMi3mocG&rs=AOn4CLA9uHnqqD0lR4SMb2nssjhPogro3Q', 'https://drive.google.com/file/d/1xncZws0KO-D4m99D0s4dn81hF7HPvrqr/view?usp=sharing', 'https://www.youtube.com/watch?v=xHltomxDEWg', '2021-07-08 16:23:51', 0, 'Công khai'),
(66, 1, 'Tự dưng - Phan Mạnh Quỳnh', 51, 'Tiếng Việt', 'MV', 'https://i.ytimg.com/an_webp/R6zj8nrAnjg/mqdefault_6s.webp?du=3000&sqp=CNDCmocG&rs=AOn4CLCgI6o50jmyF5M0f3tcN8z-olEk3A', 'https://drive.google.com/file/d/1xncZws0KO-D4m99D0s4dn81hF7HPvrqr/view?usp=sharing', 'https://www.youtube.com/watch?v=R6zj8nrAnjg', '2021-07-08 16:23:51', 0, 'Công khai'),
(67, 18, 'Ai cũng có ngày xưa - Phan Mạnh Quỳnh', 4, 'Tiếng Việt', 'MV', 'https://i.ytimg.com/an_webp/Ik0q1qPUddk/mqdefault_6s.webp?du=3000&sqp=CMLbmocG&rs=AOn4CLCWEdPXEd-aTT3hIvcGc18CBtGg6A', 'https://drive.google.com/file/d/1xncZws0KO-D4m99D0s4dn81hF7HPvrqr/view?usp=sharing', 'https://www.youtube.com/watch?v=Ik0q1qPUddk', '2021-07-08 16:23:51', 0, 'Công khai'),
(68, 22, 'Hàng rào tình yêu', 5, 'Tiếng Thái', 'Phim', 'https://i.ytimg.com/vi/Cc3bDBp-qb4/hqdefault.jpg', 'https://drive.google.com/drive/u/1/folders/1ZforpwOogpITtz9ze8SaIDggHqAsKSoA', 'http://hdvip.net/phim-hang-rao-tinh-yeu/2033.html', '2021-07-08 16:42:03', 0, 'Công khai');

--
-- Constraints for dumped tables
--

--
-- Constraints for table `comment`
--
ALTER TABLE `comment`
  ADD CONSTRAINT `comment_ibfk_2` FOREIGN KEY (`cuId`) REFERENCES `customer` (`cuId`);

--
-- Constraints for table `request`
--
ALTER TABLE `request`
  ADD CONSTRAINT `QH1` FOREIGN KEY (`cuId`) REFERENCES `customer` (`cuId`);

--
-- Constraints for table `share`
--
ALTER TABLE `share`
  ADD CONSTRAINT `QH2` FOREIGN KEY (`cuId`) REFERENCES `customer` (`cuId`);
COMMIT;

/*!40101 SET CHARACTER_SET_CLIENT=@OLD_CHARACTER_SET_CLIENT */;
/*!40101 SET CHARACTER_SET_RESULTS=@OLD_CHARACTER_SET_RESULTS */;
/*!40101 SET COLLATION_CONNECTION=@OLD_COLLATION_CONNECTION */;
